4.12399264213316,2.83869578976948,-4.62136159151304,0.527892398254768,0.59170679729868
4.08718223899086,1.42790177619994,-4.80781270221209,0.423217934384603,0.51243619312014
4.31780304987639,1.79785160720047,-8.37271470408756,0.40497143315125,0.630494968853262
4.24165342731252,0.62868814628698,-8.10234126051137,0.47628334653847,0.65913597974899
4.42625520005132,3.69005045847562,-8.5416344460279,0.456664629095098,0.61231955237703
3.99950715308166,0.207811258576833,-5.67494532420276,0.562239350950135,0.710975030260932
4.30524242884704,2.77727157685755,-7.93991328610217,0.440513376891942,0.611400461686019
4.44830051929937,5.80858706927576,-7.71314467088022,0.431770938912058,0.655416567437927
4.17949536649113,1.04327350394482,-5.99120426922676,0.529370553164757,0.626037343557632
4.36625931679512,3.11643953743583,-8.53980940848001,0.417054260161941,0.629306467995788
4.16279043237039,2.59033990787067,-5.28280787159559,0.468274363692533,0.534864671539593
4.30967892536193,3.00932709062449,-7.748171926683,0.464581158016199,0.618643131401232
4.47719240928246,5.31103200037783,-7.93318684370449,0.509874312528547,0.5766589877546
4.30218266974249,2.17546301427919,-7.78866247972984,0.492780070444702,0.614601994490621
4.38921466497848,4.05430735152846,-7.95259904888769,0.449843782817066,0.604294234857481
4.29425519144491,3.25703113571476,-7.21605266117548,0.483981829222685,0.576004956510563
4.24757294811149,1.24050330792286,-7.60676315775171,0.498549241973738,0.651210084034764
4.28537858446615,3.03250082991203,-7.15584172337636,0.439098712988277,0.567413637057798
4.32119880080701,4.57666797711879,-6.84696506309527,0.46635668665768,0.594181060748314
4.38590580713754,3.87735470398761,-8.22254033498276,0.43458925044587,0.58647568836979
4.00423669143094,0.78625641744108,-4.24721447435844,0.551906157528872,0.661837044828086
4.13554813836778,1.14578031774878,-5.98015315059964,0.49314237466446,0.596221003942738
4.09253027453669,0.740988633838251,-6.2090704909527,0.530548428355923,0.686110225561841
4.40728539497923,4.11417297822239,-8.02166305824135,0.458870433234865,0.575488153778645
4.07968652261421,1.79791543174944,-0.477420506785803,0.603395156006541,0.593371828828037
4.09671205720911,1.1662317090469,-5.44032631162231,0.54314214717407,0.652629733690797
4.04969503534528,0.355278457997223,-6.20985079050813,0.538726125001996,0.705556820261791
4.39021419465351,3.53112164161398,-7.96641755519694,0.433698373342262,0.569154065267474
4.33069861479656,2.95250776352936,-7.86490737908379,0.454099190296524,0.61281491532716
4.37373775926716,3.22522196159241,-8.21574395000034,0.458449172378172,0.613350709042606
4.420172023117,5.11295332964349,-7.77082408396102,0.43402131031565,0.654286289478638
3.97025409857442,0.260686584810258,-4.95243504431298,0.549592756688471,0.688013795327151
3.947553017362,0.74308048461431,-0.887768083007825,0.504831898959835,0.624603024088156
4.06976757269381,5.09831242674312,-0.679218021176209,0.253648415698098,0.631607648124075
4.14594499571392,1.70439649235546,-5.80526674283041,0.498454060434773,0.634388532926306
4.16100060105341,1.19265695745382,-6.44110626476667,0.550718131999406,0.619548520933013
4.12635561612749,1.4614765993421,-5.20800371072524,0.558995520183928,0.62085409751517
4.43188859414929,5.93134544886532,-6.8491614622532,0.486593901509258,0.589441129656479
4.43670190272642,5.271005609441,-7.48180822543228,0.484711734382883,0.608704451160789
4.0094855199939,0.920666693905831,-1.31158295964675,0.508436291741309,0.618871477823553
4.21441499304158,0.631037849114005,-7.45587717786925,0.52583821095967,0.635722449144917
4.1953949968612,2.10470320530954,-6.49916441842318,0.384906548714421,0.531478058383184
4.10429211600136,1.06657221195469,-5.51752236963058,0.53586856892326,0.645724026292361
4.41643648233093,3.46882391971105,-8.31420635108901,0.430225397431199,0.551504304413317
4.41799670690927,4.81986172698496,-7.49066759722978,0.477667819692302,0.575124302857065
4.34697048418498,3.48203260124203,-7.49273934618194,0.498798890799533,0.591976036330641
4.43751550764705,6.35999695572899,-6.22313915018653,0.488918035578405,0.596951176320079
4.09876345522399,3.62364707651189,-4.20146261150718,0.448240304173765,0.656088053034293
4.22679287759122,1.20809766866453,-7.20075799277904,0.497684726637833,0.606873801047727
4.36303334938029,3.61028979487016,-8.14107136461115,0.426854616698435,0.641357942075059
4.4688919807607,5.12743600951693,-8.04173583940505,0.492062801358774,0.559782491102248
4.09860228297648,1.92892597761685,-1.42733498226527,0.522425844417177,0.572126469635194
4.14638668689826,6.0525889881389,-1.57984960418668,0.311063239726997,0.725580323743768
4.12501543471502,2.29090846780812,-5.73123205460368,0.41623135117285,0.619164013821176
4.37765366555604,3.97469406821593,-8.01921543265037,0.423562177538265,0.634511622628653
4.39078315770037,4.24309943197336,-7.53726631157721,0.480559908478451,0.554080115352108
4.14926665859162,0.605710504759505,1.71364018916214,0.578882852580069,0.455920898262696
4.06532304907397,2.10154946376153,-0.423942225373466,0.571830758275137,0.581354397945725
4.24716862479318,2.22695131051025,-7.18688724109824,0.517727112740229,0.612380713757248
4.1603344001006,0.53177812072116,-7.33721686980726,0.504239172186032,0.676192948993869
4.01372838230301,0.305235237339691,-6.32583354472938,0.459347587020447,0.710502339032245
4.27076075645666,1.46716173037585,-7.86253059288223,0.479567369310804,0.637723154631071
4.16553628803542,0.95688109857194,-6.99083111552374,0.545381915933855,0.65593256339724
4.17940979965991,1.31910900009251,-7.09744037269667,0.403416526497478,0.664753612652673
4.16511633799676,0.906698512021921,-6.78238936052955,0.474415827430277,0.613248352297653
4.20941514992907,0.408785724538283,-8.39674569724083,0.396786835736627,0.661129004314056
4.45825008082621,5.78603553553164,-7.31330686035528,0.461602899298575,0.615810386420769
4.18416491593822,1.23190268125668,-6.50002091113088,0.493319078034955,0.59120267026107
3.90646121688611,0.669686605632794,-2.94863404417126,0.416128686308806,0.687167484211905
4.44407763425297,4.6420855855858,-7.78631658739533,0.45495651226273,0.608523667511999
3.97530653385611,0.508173698338893,-4.84448288815289,0.468449217112815,0.692116229857183
4.3304377882629,2.2443232231736,-8.4562545219803,0.409209083679919,0.631896299861554
4.21760861256611,0.955952913273115,-7.5680849930668,0.521966366771152,0.646779708967032
4.26349533178185,1.55601679948624,-7.69253496641161,0.502724482681712,0.642000985796631
4.26745918364795,2.19256809325022,-7.52763171168996,0.491828612700476,0.629476977281854
4.31595931264114,1.7947682365895,-8.47074566123741,0.395338695816496,0.616521533500189
4.24830786978461,1.18669344990836,-7.79365585936484,0.463507306985791,0.656701144823355
4.34351840496549,3.27891639913058,-8.16236613661633,0.420342359538057,0.639850705717305
4.28192230559304,1.78642932870508,-7.76191468487313,0.465625632842289,0.603035896897259
4.45619588269687,5.27726916354845,-7.96208607237638,0.435504054940501,0.655683663828656
4.11761601877553,1.90692766993334,-4.51038425477509,0.548473428691228,0.602887137235837
4.28106996359341,1.63065839871186,-8.0752564465722,0.447671990652871,0.630487149358924
4.36946650014674,6.17253734282053,-5.48140031678651,0.405529196769051,0.6615057410116
4.16207287246856,0.558407854334439,1.73909292967976,0.594354744090322,0.47665256569074
4.443252088513,4.98983891720174,-7.69787640327588,0.445507536946074,0.585448410428334
4.31139516827462,4.70837274058711,-6.41536211516972,0.475189290111846,0.603341443643395
4.21268451126617,2.6838496251428,-6.50763822126397,0.503999922695316,0.60033235588302
4.49749849888777,5.68044300445121,-7.67585112715564,0.465767316560535,0.612695187528563
3.9991014342497,1.39331126703867,-3.60011719935501,0.503582515871758,0.621372854405232
4.48352960014492,5.38851950438355,-7.72512492969755,0.511596148146364,0.562286471266234
4.2251950804536,2.77738842611256,-5.78187015554427,0.443424801267244,0.510843831551464
3.97474855802268,0.638502974988192,-4.33552040939172,0.412433829751262,0.690313182457855
4.00689362243645,0.866873244467191,-4.38348955741304,0.585579942195175,0.656408561768141
4.31681253351509,2.08568021024049,-8.1136111492639,0.464711091147659,0.605574841232613
4.40274379529074,4.88567040284992,-7.42701245470699,0.529234354039261,0.568790709060459
4.35601525357017,1.86531720161773,-8.60238103619886,0.473980350376957,0.638782302096842
4.341878985122,1.90047910534392,-8.0738139278742,0.351551566106545,0.41920301743358
4.22685534766596,2.09435418171966,-6.82067869040237,0.402235039922404,0.541386531771086
4.29162206977184,1.34169635213707,-7.94415573516353,0.4715586974495,0.607208546482048
4.09892514240582,0.943080316405942,-5.6938000022463,0.548240221128177,0.659132102661304
4.35568018206029,3.09665300200662,-8.05947404520142,0.383182736488387,0.470962535479028
4.43278725561882,5.55869381408676,-7.63602482811702,0.431980543990571,0.668127358463193
4.46316588363722,3.92090997330956,-8.53118093465064,0.477389483283075,0.550488983450497
4.12805256302471,1.74604309915387,-5.47609899107049,0.455605125358303,0.547845793279575
4.35159201915277,3.19224623024015,-7.47446656802405,0.558648013064613,0.592351380908689
4.41827360454981,3.83326336038321,2.01920745883602,0.63980758508366,0.526710735149693
4.09323863213025,0.731991118659873,1.43365797420525,0.474205936011256,0.56964139349518
4.27416054301443,1.26344442803387,-7.54473441981422,0.52165788247647,0.597335105014363
4.14715617758673,1.31932028598966,-6.48307918509672,0.500254808867352,0.63210331156913
4.3647764967717,3.51316107817408,-8.04675955983643,0.46254265288831,0.604608454880456
4.1583161392231,0.656645123664196,2.15865193548812,0.517333037435453,0.454103532547614
4.39368404010471,4.89210206403756,-7.74724164947386,0.416802011281812,0.635651588767909
4.2609316103678,1.76921112749857,-7.64016388895436,0.482383008356844,0.603584733266971
4.42254536567946,3.54165648428294,-8.43248299199613,0.661214835505095,0.525920631887046
4.34779330229645,3.19620908056366,-8.2326231165022,0.410095062499066,0.636357281117481
4.23565672328202,1.18179083566189,-7.71689453467185,0.457514486294699,0.641551122976027
4.02502397240598,0.543777343689479,-5.67059654046862,0.484974430088854,0.696170883905634
4.03047704188066,0.77306969238027,-4.73486693187663,0.521228274791429,0.67388048349302
4.03656965032531,0.573459961937301,-4.94289375009435,0.486092136824898,0.642346478101221
4.07306721788037,1.29370277886341,-4.84513251291941,0.444933481623204,0.556379134660224
4.10446396322245,1.40110605190728,-5.49564811886456,0.424221952471813,0.549132305364065
4.32111033158315,2.4127640617097,-7.52956873442807,0.388824457675736,0.452743320875119
4.35941975702955,2.80497257042673,-8.30790773726418,0.446285751984338,0.601094477975909
4.02474755826674,0.569813354165307,-6.12398021274506,0.556915736832875,0.715117831031466
4.45003998095381,6.29879821796457,-5.95330467319843,0.51017788553381,0.562249566213128
4.45473953314544,5.2614538855246,-8.04424265747427,0.424511580443733,0.655708941832035
4.06655057128015,0.50142336951084,-6.72743940229956,0.528397363294911,0.704542462484214
4.283562403024,3.66999057399998,-6.9490300513912,0.499844310897073,0.561944411639062
4.07523214399241,2.1696481144315,-3.82999798581883,0.600414401001308,0.527519543977217
3.9950965387658,0.400365967262759,-5.5174080951688,0.526556920109919,0.694626305260114
4.4945688133482,5.60356640889256,-7.60218622683695,0.430013987981335,0.645472144494252
4.13466994883811,0.547264663773281,-6.92783446132656,0.569593352248987,0.691140283500146
4.15993118776827,1.87489469563715,-6.43631371386974,0.439316467442658,0.641491676706929
4.32361220559966,2.87103677416044,-8.06642358203422,0.457248862343163,0.612324089543541
4.36746223553718,4.69210530620837,-7.2678208874625,0.487666918443378,0.610505756688883
4.38508845137263,5.66350532072203,-3.4659584313813,0.57496156560186,0.479453341087099
4.19459057772093,2.79152570432607,-5.91291158925234,0.500381413113536,0.588388947850394
4.37501034543804,4.31018572113218,-7.51439561528303,0.481527821538227,0.601546361768387
4.00755094536896,0.636295152796649,-5.30764277473413,0.4178455017806,0.663604281392323
4.33849369433367,4.07346241709008,-7.35300326962282,0.471465550758508,0.575868449024149
4.31544471873027,4.5517111721169,-6.80366067329389,0.414733065084282,0.672553954095054
4.40640097799476,4.6849233417208,-7.55671817164233,0.469884289777505,0.585897074683159
4.36193361150042,3.0389487628225,-8.47558400052738,0.415775259151571,0.629096775981252
4.27688573735616,3.59818858437836,-6.80750854251982,0.47996773228773,0.598161249055712
4.18120122622167,1.81108254386886,-6.59361128368512,0.52038041373704,0.648628544413408
4.42641137821699,4.39662294051174,-8.09870977454749,0.419133629350442,0.637776595871847
4.27376096374833,1.61300837160164,-7.63645857290871,0.548771130004559,0.637387421356922
4.34642358277202,5.760807580087,-6.06339288989904,0.447425808507637,0.632584547584871
4.32489774948011,2.77348801333322,-8.08249718077905,0.473733575142746,0.627118404668288
4.50776412344473,4.95262141343381,-8.12156397402986,0.448812783658849,0.596414724404329
4.41620055558757,4.5700841581283,-7.80064381584803,0.496337721296387,0.585576241019669
4.21652773617456,5.5890186516996,-3.59437668014941,0.425601061587524,0.703853152451085
4.4933023869793,5.55722420561015,-7.82020774235622,0.459948865001027,0.600391179914691
4.35254470003246,3.72159836154136,-7.60967643793359,0.487310511534795,0.595425599569321
4.30782785940841,2.7170983402794,-8.09249104287474,0.418817817443748,0.635535241711674
4.08274062044323,0.816909493338462,-5.72788144688243,0.496290090133525,0.63827613206376
4.09033115431584,0.753439626921362,-6.243332266284,0.520695550117161,0.68562997508364
4.01620542926556,2.58884875433032,-3.81997433721281,0.392980844464899,0.65760029196914
4.26036853039287,2.89463073333431,-7.31473038006871,0.396302602116309,0.673478359486061
3.85789450451928,0.302366822177185,-3.87152972876377,0.599441546531335,0.751915717915957
4.30361722090794,3.19378589554113,-7.63204504241048,0.489664090273555,0.595529053203558
4.26796214500694,3.79147635694811,-6.57727378222597,0.4830232942183,0.598159102202099
4.36276442799542,3.98093681443992,-7.70548671758394,0.452676972457021,0.577650108650363
4.16763776353694,1.17456236916932,-6.66108059465522,0.473635920118875,0.625275921450254
4.06793457681212,0.439347671651828,-6.19888586256835,0.547877096706848,0.702609082233379
4.19717054891499,1.79568395792924,-7.08980973033044,0.392036279950152,0.64711176059388
4.13619962421793,2.58040096923761,-4.69732921247178,0.569321916016964,0.581297667957921
4.3124090652716,1.96281282707485,-8.22697537051951,0.4617779715637,0.634335991318448
4.3110926021745,3.24954798600062,-7.51889983237161,0.484953499427221,0.591577108598906
4.45933090406192,5.40430831188923,-7.7994406279619,0.424214611303845,0.643651269554455
4.42922972970257,4.52874633914932,-8.13447695829021,0.428428042020976,0.64205990825751
4.09074859305116,3.96467185948362,-3.89879674423141,0.363604764455154,0.681875474601666
4.24640432351501,0.778796671595308,-7.86856044288818,0.480281388884577,0.65096670520218
4.48155126519205,5.55263603040213,-7.79393307630426,0.461892956193311,0.607748072919355
4.07486234334818,1.84427194042826,-4.46602511222791,0.522052976016371,0.619719793483396
4.41294635824242,4.52950258723368,-7.78908281881197,0.472570139264932,0.588417495662879
4.2830903726652,2.1455801742145,-7.69723572359586,0.505660197129595,0.595702306960543
4.38341828091431,3.37866401317574,-8.41996382520655,0.41409155451463,0.626774675748221
4.27700736608704,0.947287549661291,-8.09953711787261,0.495648717047327,0.665411127239113
4.19820416180681,0.93058522168828,-7.04132227033075,0.504251206259188,0.614383262058085
4.26070767343909,2.14842462937409,2.84447610443624,0.672480301243831,0.5412479896265
4.46013383483925,5.54231248998194,-7.73384747842178,0.433911683486544,0.660629967603132
4.32388063121993,1.8572633275522,-8.13386558310725,0.488854220905987,0.641659106849714
4.30847132922446,2.60091780067414,-7.7358847800067,0.482133648770584,0.599024530414737
4.17502063642433,2.58147015007402,-5.0295618679809,0.449617434316049,0.541544845303241
4.35322913837588,4.04849718237009,-2.31552883715452,0.553615690380474,0.522808961922461
4.48586363490328,5.19721976772362,-8.01974875312955,0.491732168841597,0.5572020372667
4.26596733399723,1.91405881543585,-7.60338768979806,0.496857457960549,0.643611531898882
4.24650850255941,2.46122241794438,-7.11903243853576,0.493539568200393,0.617140912146698
4.48191095225749,5.41158193114782,-7.82517364955398,0.428671745298876,0.648513015791286
4.27366568043511,0.672494266224549,-8.49455327454517,0.411132182436418,0.651214471133566
4.19983017693921,1.19912671375598,-6.98367547452964,0.50659794873161,0.647440333912776
4.42472947053961,4.58226150781635,-7.65599789872373,0.499949905730346,0.580809875495646
4.15903568181323,1.10692043190073,-6.39911227863608,0.530574858050181,0.63858017299088
4.4305968795699,5.48028008381881,-7.58199866300268,0.427836593163471,0.653538469743362
4.23162315638285,3.09097305901417,-6.49116312997152,0.500019315033585,0.592335439507334
4.50724563853591,5.31486908023265,-8.05068749036623,0.491294014780054,0.557034523368352
4.22976673898503,2.04060912870375,-7.16139955700313,0.488887174366661,0.58646072911201
4.18110893701056,0.876008895648463,-7.1272284451664,0.515126498262377,0.653010324809666
4.3871862336869,4.82485227573717,-7.22414134402662,0.488746725301218,0.569045644519366
4.11902731355434,0.985111797763389,-7.00457417528932,0.380883110123666,0.695177984719803
4.22201073813917,3.19725456077347,-6.45927405996683,0.390235589422687,0.583948371926803
4.37211382023028,3.90353836335824,-8.19320463303478,0.427603967637034,0.644851816219174
4.05204927737442,4.26469413926043,-1.59025575752947,0.38829545269574,0.680162597030254
4.41338466186393,6.82868051044552,-4.43502178663173,0.490773633447883,0.6100968696196
4.17379179562149,0.7670895591439,-7.11624038649393,0.464443821922083,0.627112572504401
4.22664689346209,3.18107160608297,-6.43481273925273,0.489153764649971,0.598493448416026
4.36189706317672,2.85033956425263,-8.24071203180228,0.454517308833118,0.615847325380145
3.97018249181673,2.102285370902,-3.63425099084937,0.369315113233312,0.706028586237628
4.12119677262256,4.63824305941158,0.824755361976886,0.180375997027455,0.462589118474519
4.31763308685819,1.34104287128001,-8.35970068461305,0.462175253082726,0.640215354200605
4.19529714368185,0.873616688799473,-6.99053910770279,0.490035702488052,0.615590214850605
4.46176955337194,5.66167635614162,-7.78135249733087,0.432707796028761,0.655276042085455
4.37104685053673,3.68349378578825,-8.26559575161061,0.416608899060078,0.626995472792362
4.31635351164669,3.13902052523584,-7.67598459977126,0.496098106732486,0.591062863936182
4.37810852462469,3.67278807182171,-8.04412810348958,0.498369298780595,0.574902623548788
4.38251222526918,2.54171568712348,-8.66290281963913,0.415307198886851,0.62386927657487
3.98469613848859,0.39337199615002,-5.92735057090046,0.528385787643507,0.718320886342283
4.31439100684682,5.87350122545848,-5.48932081825383,0.403329849985567,0.654036777821708
4.25600059045045,0.441000385694192,-8.38348784332833,0.46367810740574,0.662776535702568
4.30458872605377,2.85185471721617,-7.8267359995596,0.463987195272065,0.622080914386082
4.46746473276458,5.17270802059836,-8.24593050819763,0.434420855912534,0.659538908378069
4.38849146057471,4.5818240951279,-7.5220252894693,0.501882394141151,0.580015409722812
4.1528133672498,0.953107345566278,1.60036149589751,0.644116949163076,0.54939544792224
4.34641733941899,2.66242817875529,-8.1397800530445,0.470566776434079,0.597002309148754
4.39987258361903,5.93191094346734,-6.22946720941863,0.463556322150876,0.599169040006469
4.09148928552717,1.69305169908697,-5.24387423763463,0.452859649312828,0.578692919885058
4.00086857679491,0.343843957570775,-5.5768460342865,0.556827375049831,0.693518751994493
4.18917751933725,0.559723468425906,-7.37555675905591,0.574856226337965,0.66834868363012
4.2302232976799,1.51420164767876,-7.22546083183894,0.528224017679644,0.629395367623858
4.06804407044338,2.33477185157859,-5.18409199039764,0.397765998093579,0.659340443344996
4.20014507048669,1.33801590701823,-7.28478975697054,0.455293082551685,0.649033119131751
4.4525243464644,5.46333947754805,-7.5729582094902,0.464342799876001,0.615578830825513
4.48806394547106,4.80885204012654,-8.34388604302457,0.439359188783832,0.59229317298375
4.47612070029215,5.73855533534539,-7.33640288458788,0.478135861748499,0.590004362191052
4.40334093765588,3.35707477926294,-8.2866087799159,0.485388823774479,0.586830267857146
4.11476083426454,1.1719862577686,-5.81684523563675,0.502950798953189,0.62900307104433
4.26262119749991,0.684797510459823,-8.44013158819129,0.417093420478527,0.654169026243802
4.03797068595164,0.903464299215123,-3.57873526352797,0.55508580294718,0.615025491545262
4.06061572165578,1.17815349976883,0.786894045014689,0.560286256651097,0.489114949610451
4.21095231177546,1.43370463356826,1.45608968780785,0.555768691960721,0.384781579818687
4.0343122042136,1.24087955456745,-1.96673150584088,0.508181906565149,0.581896273912617
4.14709293481136,4.06299460430953,-4.18596950181502,0.469477614837952,0.613144434110595
4.46766430877331,5.60346684579657,-7.45669711137927,0.458594331032878,0.604367524771696
4.04391228687916,0.366988681627008,-6.39614229293121,0.537028906244745,0.70236862590192
4.3571197124948,2.63528801934181,-8.46071192482731,0.41689445308627,0.63851167781955
4.4148121457008,5.15306634960219,-7.75133528631431,0.44859514226356,0.616463673390131
4.26507847063835,1.39064910987159,-7.84954662663328,0.482958728822388,0.63726574871423
4.28923734818243,2.82761826870992,-7.58268885727317,0.45382447961676,0.613025548501618
4.12346664376221,1.25507418471439,-5.94604527543953,0.48490034085548,0.617667949570173
4.21251063100589,1.20004576894652,-7.30111016796237,0.523670184650751,0.639940514696916
4.25266643758167,4.43259619776098,-5.82294910080796,0.506891229821334,0.588273414360159
4.35657209914953,2.53555494076874,-8.27374054074894,0.417113102307083,0.629561718011622
4.08578473785717,0.562619273466631,-5.88892414697752,0.547129390623384,0.685993807771547
4.15950611411832,0.928448298012082,-7.00535357117643,0.506513364327483,0.665283889906954
4.35955354254068,3.59970632511856,-7.68697584431437,0.482027732344463,0.591162822538386
4.31580177361065,1.94603941266978,-8.23229136610367,0.423707139905901,0.643170864558251
4.18130275901393,2.29176277701283,-6.68566054954356,0.380965776299615,0.629042460135527
4.23125455924159,0.824360730523367,-7.63595621755502,0.50672889982324,0.646372828773912
4.07860276157728,0.789430127645917,-5.17634181039498,0.549779797568406,0.645506341988704
4.31763277981827,1.96253299830295,-8.38012753071218,0.424107768049655,0.635772112705007
4.22567712440548,0.854990844555963,-7.70300170043323,0.490280643131996,0.657662437091504
4.1262552858751,1.83316970939306,-6.02275118329082,0.42518658460668,0.646789556548965
4.42953179400943,4.88005783638844,-7.99999292985526,0.429995995635353,0.651560883803458
4.35514645539777,3.42188338468699,-7.74880432199761,0.47091014660137,0.597335378798744
4.04169784895984,0.390626417761764,-5.67426572248658,0.534467493324697,0.665592088733791
4.17245835543835,0.773010434148915,-6.87711043244199,0.520304924600072,0.687446902836834
4.108147641994,1.0385259264155,-5.94618873720729,0.512718381801446,0.649916254441162
4.34974940124463,2.08823951920655,-8.67022584772353,0.407339521934268,0.617211438778195
4.34151850301005,2.87452407793786,-8.11579306253656,0.456283779425378,0.611040947786407
4.11369912569193,0.272097550982548,-7.34993859240129,0.524249979222802,0.674880930897876
4.43913070156646,5.20231589031745,-8.07273719923879,0.420258517748495,0.648324910787007
4.3277303922201,1.90162223075008,-8.33940199153052,0.450174639473824,0.627923464996886
4.49976458558063,5.17049139654081,-8.2093303969965,0.441803809380217,0.661072537074149
4.28866570878845,2.55823941400272,-7.63869660899877,0.474390997298563,0.612624218596166
4.48033707622668,4.86423393037906,-8.26769245829447,0.449951130770351,0.607844859450916
4.28858902833409,1.13264889225778,-8.16387475007173,0.455173922897127,0.652378890053075
4.24512610773111,1.35115669098888,-7.47115712252998,0.478667861412723,0.628364883377285
4.04621005402079,1.0438619069965,-4.5486858439947,0.480684712182031,0.619717725072384
4.15748948496796,1.20561483065129,-6.58493333759891,0.490214718216178,0.611483273824753
4.35910710399468,3.83427848008504,-7.77338764626085,0.469131437224467,0.612233879716793
4.22044915039552,1.49158702411862,-7.13163918426751,0.532077810286337,0.606991443005042
4.25796050685201,3.13307770042955,-6.93201634187965,0.453750915241649,0.59534063249363
4.25995101243033,4.03647195996389,-6.39022239589045,0.446558049747882,0.622562071624028
4.39124804603984,3.12134724556318,-8.56266647727004,0.415448893451881,0.640621875255751
4.33156296603304,4.92077493097337,-6.88675407273659,0.409639564647453,0.652624234076971
4.18334939929113,1.88722161434562,-6.25716912492712,0.50088562500187,0.614350963811848
4.40904058276877,3.38433275896531,-8.35436764973015,0.464175668323566,0.61278501708119
4.39154624090287,3.26729623508395,-8.53097596121842,0.421765903859125,0.630692706509376
4.25964912237367,3.15027689578208,-6.87285388983487,0.540331899542523,0.588597074993179
4.22670787851328,2.56865788292661,2.17184962004122,0.734388206220285,0.493243812668538
4.48070215514935,5.75760948984921,-7.72524721692431,0.436955995256738,0.642553884557856
4.321659153257,1.19220068480898,-8.57357519034259,0.412236841719084,0.645061057476613
4.21217785005447,5.46733092574449,-0.781219457849039,0.311274602470355,0.484282570798054
4.47969086898276,4.96033748003136,-8.33360455448839,0.452670032279778,0.607043273945879
4.18075607014547,1.07761933013457,-6.8746634561333,0.585413307719559,0.648838664087479
4.20453382822341,2.8801523019765,-6.57647386668619,0.48503927122839,0.629798109531843
4.19827723907082,3.52738228446759,-6.03264253026015,0.459760492753456,0.619855906567409
4.3131835494491,2.35153823251165,-7.91346494086666,0.494145645673138,0.622092506954084
4.433812395843,3.0730584945134,-8.88999911762246,0.442967614811232,0.60369987766167
4.12893966509072,0.539169993538513,-6.90056906282234,0.551270482912847,0.688545607083678
4.456146435201,5.26655969786396,-7.92577896278704,0.433104320538573,0.650397264442861
4.27852812221413,2.64717622558893,-7.16580058464906,0.494024701679896,0.579445363442781
4.36041594965101,4.40213657774091,-7.13660983585309,0.488052647556828,0.60461184494445
4.18765357205425,2.8499105123306,-5.93258917460603,0.444729037027606,0.589350823569471
4.41476495856168,5.23490864551187,-8.08512768094284,0.426017309550322,0.660663780671217
4.26373786261827,3.16912086676214,-6.51978400054161,0.465220226723291,0.55355495274886
4.30745133095603,2.30842750988534,-8.23043844706193,0.415248210984505,0.638905813781462
4.34490493545493,1.0135071584896,-8.48161722811792,0.404535001654599,0.643389214614388
4.01900946930976,1.61005791876868,0.717933592004587,0.58530095732732,0.457305160112331
4.17126510522079,0.620189497215662,-7.18969700877738,0.496079204471641,0.68862039374689
4.45919774088017,5.64780333681409,-7.72527923481446,0.429629454171753,0.653221121841507
3.99777754816459,0.972269434000215,-0.334983654463642,0.534425647402203,0.574057828219715
4.24826071056181,2.30508205854392,-7.07058253810335,0.484384848475794,0.601245961962257
4.26610976154537,4.57177078827965,-6.64501367068641,0.401315893202944,0.672384671509523
4.05767878353986,1.28765083444817,-4.88293226522757,0.357841692328984,0.500729301111089
4.46745412110991,4.3381581920331,-8.51707861440142,0.454546146140455,0.600425164079568
4.29662290181511,1.59572841120103,-8.00547998823493,0.541762466063048,0.62751680274024
4.08208329739409,0.668153523478187,1.06987231501328,0.542481460837956,0.496563070866313
4.23828000830832,1.93243836754813,-6.9099626919652,0.399307346090045,0.50862401821604
4.38284314875805,2.98137912863026,-8.65233608895576,0.418588634271204,0.636042227637715
4.04994477389887,0.542839879716299,-5.55753006832564,0.488147139353502,0.675517924972493
4.20300647952944,2.41204726841371,-6.30575713286184,0.453059565430998,0.547038828999184
4.15214114065603,0.341562271891706,-7.87761428605996,0.487666746914767,0.680345149836829
4.01786102157021,0.309597692084826,-6.00906293774333,0.50130944510575,0.705852845294129
4.49366843789001,5.41021141052296,-7.52943198134431,0.586633244707078,0.514103870446193
4.44321364389974,5.07805392363648,-7.46383399552679,0.541954109240405,0.502962724548721
4.09701673311142,2.94613719753211,-3.96359618583151,0.496389838842608,0.591550988449443
4.16239565184834,3.5955161360583,-4.41117835748354,0.582916877850787,0.548684225803309
4.13103111030292,0.548732528416683,1.81362860491166,0.550210049164096,0.472712960497624
4.42764078001913,4.52300485012241,-7.72111900864993,0.610417163756052,0.532247203802504
4.25290704690433,2.34380936526756,-7.30703071994266,0.506059971106392,0.603020925462409
4.46304822342483,5.81236870883214,-7.50819607584787,0.428529716848315,0.648842501725758
4.24553604426772,2.87915961149985,-6.78707137537984,0.587803901457405,0.482333472881706
4.28746010937097,3.38587979908219,-6.70359711599864,0.570761876409761,0.58783229474432
4.21024261392903,2.45837684708448,-5.58994083356299,0.584664481690826,0.599050505939247
4.01723278404291,0.473936295058579,-6.00034051147033,0.569211492529176,0.744848034542036
4.09219127277606,1.88881901486033,-3.81408407553229,0.604660317653458,0.587919216329905
3.96617719255949,0.660573661715883,-2.25918303729607,0.559257192989224,0.654518038981651
4.20720845500172,2.24826287894652,-6.40448349577606,0.545888579822233,0.606619061640178
4.12183796462696,0.976049847135788,-6.08195707537384,0.52049781767752,0.652114594188143
3.97745161384591,1.06825199457059,-2.75639029183949,0.608454699010422,0.643542695137374
4.30748329615303,2.93098514252228,-7.40281938634804,0.499406268114077,0.613263681628651
4.45994057621492,5.95137747072868,-7.48288022280883,0.55805135130755,0.552201794001414
4.18498113571497,4.98196191700472,-3.89682926183531,0.392597111829655,0.640884667584425
4.25642758144829,2.59923490681756,-7.18248703276554,0.501528177541179,0.619911297884689
4.09605924883247,0.896312586784895,-5.54826445676364,0.546059116870731,0.637712583985495
4.47178541865435,5.68495702816215,-7.77737691043406,0.42952528712524,0.655163974177024
4.03045622299483,0.946438996769687,0.871570275650002,0.493064267718374,0.557830594528173
4.3426274041498,3.76484070133497,-7.70401231541039,0.496903090307105,0.605222603979531
4.18725103233282,0.676490977149931,-7.39584532264398,0.525147985405067,0.669575751433028
4.39328166926394,3.78749052241005,-7.94338838290645,0.46142106516716,0.599164588059078
4.21892337723451,3.93963350394101,-5.13217555119382,0.569637017847163,0.55458791224068
4.06224942445934,1.88460105901796,-1.97362822855493,0.590927626356548,0.540696354425204
4.30222291869935,4.88488118832774,-2.81589886847714,0.548143531851903,0.571014082967949
4.45852475046525,5.30470976432826,-7.95226800844224,0.432685192275905,0.64188198607871
4.12511316608144,1.70776669840257,-5.51498921406301,0.438483396499456,0.547355894158729
4.1736231681802,3.50440721680428,-4.78356689266852,0.537703074269082,0.562373975512188
4.1982978060083,3.65361124310733,-5.57131446484434,0.478311340802664,0.574167121942711
4.39707292607699,1.70087014367046,-8.44117618686207,0.62227428824934,0.603295094879485
4.02391590083206,2.47440095254296,-3.0630637645188,0.438898693874793,0.623695018062916
4.24709367028154,5.4444487775653,-1.84386419463376,0.527709426046519,0.607625320087502
4.31921953131459,5.8256942264329,-4.76559381403549,0.667917088740923,0.497327867372324
4.17304097675189,3.12882651380292,-4.97615005455522,0.566752354726509,0.488964773932429
4.14833373279619,2.2497864869879,-5.34939476718693,0.616949873449871,0.575734224185124
4.22866381185894,3.88965562373303,-5.55621979219975,0.515203283581117,0.582231106213649
4.27066132053884,3.14298845885158,-7.2059928470665,0.487150688806601,0.599940835362263
4.18143685304695,2.21109712317558,-6.53025998332218,0.403717854071959,0.630686728967054
4.15923653599745,0.901410040577427,-6.56601458421224,0.533045204672061,0.654955096314971
4.0214987618183,0.742284403003427,-4.32107483422764,0.526995831897489,0.647243268803353
4.23355643167232,2.50547148290869,-6.73530421460233,0.568925617482334,0.612142919850645
4.33076177726263,2.0230403650856,-8.05997173971132,0.544520532594842,0.59538434825794
4.38387448763883,5.87078535534154,-5.59259151502153,0.482127786392674,0.569683700612971
4.29770493994232,2.61577502464491,-7.74443955308702,0.517627183807904,0.60035822916904
4.33932346319828,2.49242100468137,-7.79727020291195,0.38034691445226,0.490735635503708
4.41443383124844,4.63933414286414,-7.96283228237041,0.608699932286755,0.545231500360585
4.17281877169453,3.51019715350309,-4.03420875371937,0.565764031405109,0.543957214998349
4.46969566666029,5.87476716710259,-7.26614070282768,0.562590052061996,0.541047465407459
4.17257894335535,1.93613769347273,-5.61279713442485,0.567554234287552,0.610074703670992
4.17225961371624,3.23676440271392,-4.87946904954053,0.57287040680194,0.533452507323943
4.25514921133974,4.72303511177888,-4.39242981137173,0.545747726914706,0.572403072850485
4.43587562339593,5.73459515428432,-7.15036680056208,0.539715374455924,0.544513609182496
4.04728714029763,1.24563680088181,-3.78253209269642,0.507338517637363,0.600355532968852
4.10740666798094,0.991434430320249,-5.65065144391443,0.551991864192606,0.44434151867148
4.49483409661373,5.11378676435261,-7.96989720211086,0.585431134036269,0.51746903944674
4.15159688967855,1.57500527286691,-6.01522661304848,0.540417721325254,0.628173442314229
3.9998446482453,0.943944982195279,-4.53483040915138,0.435940158080243,0.675494183861727
4.25808718782587,1.29684962768435,-7.54152359836954,0.425877041643253,0.356172834224691
4.29809985193314,2.71918170001975,-6.51680158870645,0.606364804620678,0.573005727851537
4.05169202837579,1.31634324754988,-5.47937529773617,0.403029460046432,0.679746983483793
4.02313856491942,0.296313471356185,-6.5844811218585,0.545521649140035,0.723322280367628
4.27004063995723,4.29303221180292,-5.55845694409408,0.515326974564646,0.55249523219744
4.26827229712059,2.51830418829855,-7.36682101475085,0.448773838797505,0.596072707906221
4.31540675976386,3.00905706619909,-7.50092572793913,0.495819905715118,0.598145255218146
4.4603001987302,5.83383897838044,-7.10620710881316,0.489049935963235,0.569160871815129
4.16643346352263,3.34079231576523,-5.39946048069129,0.508882979701889,0.605868072848948
4.46961513227776,5.5224767963325,-7.83204579681495,0.434623811218006,0.660094391027837
4.21912033643225,2.92690178830165,-6.41985785241134,0.641147921779262,0.547375525708558
4.48996573891073,6.641870529265,-6.15042328174581,0.570370579084407,0.526322703541634
4.3175264808793,3.18158374259961,-7.47046368766137,0.496382517904664,0.577679070373365
4.0908718779839,1.62703472468782,0.601054425303577,0.588700288600995,0.548065709580477
4.36360705923592,6.0242506096924,-5.28227530765105,0.46832477612787,0.595734261077847
4.0338263111897,0.792259459490155,-4.76297067037751,0.546905350205964,0.681190377060078
4.27768811155809,3.43266581439883,-6.66842367968139,0.47174885950287,0.567534484688116
4.41999634563914,4.84957356829114,-7.46393261055323,0.498927951726021,0.580836477952636
4.14634456428409,2.10807532256628,-4.28613110893,0.509419374884418,0.454794188040267
4.14125641556528,2.23563584602954,-5.21860954145468,0.567756200498322,0.499728553885221
4.33880568572396,4.89078369012258,-6.55223754108359,0.550554990886309,0.539997682868841
4.2843341457449,1.98905444745153,3.38617347743626,0.659012433306583,0.464221329403238
4.29973819836146,2.25373395280777,-7.71999484266993,0.467788877340084,0.571277937050758
4.08732255158201,0.625955763679574,1.49606637401364,0.601994113712226,0.530456818040887
4.13456357758915,1.44336970809674,0.634827265088015,0.437275505047404,0.547180569606615
4.38923964860117,3.76783575240816,-8.00025627488568,0.454885780643757,0.611620143391358
4.2853908822022,4.67228291001801,-5.17057363312375,0.538086252016296,0.553048072834586
4.4086827797157,5.14754886958319,-7.60756444055048,0.625286586590258,0.499544846260339
4.39048665418617,5.10259378862517,-6.99113182863946,0.51231863931889,0.58239786559133
4.05737817986519,1.39320288481119,-4.45718867844169,0.454263558793771,0.551255493995493
4.15366645937811,2.6146212024693,-5.26348189846153,0.547801903516834,0.597778139458367
4.20436680272927,4.09339395526632,-4.5949258600808,0.620192086372122,0.522233397630016
4.27205983465374,5.61980701851107,-5.11243216940109,0.380131696660101,0.673827536379775
4.10408504032829,0.876260808696436,2.04144664753735,0.559270820241068,0.470166618201243
4.42317535922843,5.37587561628014,-6.75566881162123,0.515221494658226,0.527433224801444
4.32572172861427,2.50922619345342,-7.65501477659105,0.488873942324476,0.599400479660973
4.46096325193392,5.16293440777301,-8.16814856113701,0.437664490672166,0.645648382025529
4.46465909047219,4.59594109627596,-8.66829460950116,0.448230675809494,0.607397023400087
4.072351683949,0.347441745553509,-6.77081747390339,0.538002735641837,0.697973188229501
4.39455565305947,4.47443267619421,-7.73905194434321,0.456089330579515,0.607950728541903
3.97715671554175,0.384406577070057,-5.61639481024892,0.566688867725434,0.719326434542407
4.1174778205825,0.951516505499772,1.62081927022212,0.412440278990101,0.473964147341723
4.22958731036418,3.46480145953127,-6.38597616280351,0.418172338086161,0.565487388669114
4.02491016359298,1.59077163147069,-3.35669290808644,0.521143526857368,0.621826441024776
3.8654519550506,2.1101812692826,-0.267271061506063,0.39661852519886,0.772332705091283
4.27149153324369,1.76276183678606,-7.83249551917212,0.46252144128263,0.637815259666722
4.31801696053807,3.79857059989079,-6.64851336703504,0.587184172159338,0.568744707069028
4.46345429471102,5.56602386822992,-7.43922779471073,0.508734184689167,0.5778057267557
4.44726470481571,5.98648292041143,-6.48248839171051,0.571028826730599,0.543543955412864
4.0647142579649,1.38278067964613,-3.88856684831865,0.530185010731859,0.616554170853292
4.37340552976981,3.69380088491876,-7.63703650102685,0.593347789020518,0.540077309899595
4.20704386982295,3.74554588134535,-5.869183850667,0.471406220693273,0.601003616843828
4.36876061202901,3.90772888495163,-8.03032307182668,0.430696362463295,0.640156830579748
4.30199226951178,3.31893027445237,-7.04578547789025,0.503547943005569,0.57356083989641
4.11943501453102,2.08961248703473,-5.06664707843798,0.488583872463043,0.574927564467375
4.16188532040763,2.75212157883257,-5.72029203642996,0.418071479244085,0.603755415272903
4.05921378148181,3.88443733663249,-1.54982298224436,0.372630509293503,0.567772709246354
4.08318909449015,1.78583848698709,0.222058737282782,0.583434818853022,0.5512919715157
4.24086874101148,2.90283887637052,-6.69153022485991,0.59899850117814,0.48032485379254
3.93317534300085,0.487394839767619,-3.68270069429594,0.716120814304134,0.627805651142178
4.38329236687427,4.01791634665264,-8.12221673958217,0.456445378201059,0.611425493321496
4.45769775189032,4.82452952704877,-8.09538522917672,0.48151246374428,0.583183992704423
4.16465965496242,0.848958246381409,2.0996293289806,0.470609860335195,0.435674941204333
4.11694819698311,1.71420928853822,-5.44144695077853,0.485654620595668,0.574647591598451
4.29042494223896,2.97532427561105,-7.5839169012676,0.44847117324656,0.628480801476717
4.1829112750502,2.18817238160451,-5.4320762543404,0.599751880695202,0.602691445450646
4.05426937110011,1.60628648416918,-4.33468578130544,0.455803027806332,0.554224822196595
4.23950481002655,4.83640528210165,-4.62050271134843,0.483734946147836,0.571975857507796
4.21615395028688,3.01941314856454,-6.38731543108674,0.640288601492559,0.528178434133861
4.01216123764511,1.63866015732108,-2.99570462637639,0.638078141597142,0.490256716496197
4.04157594285475,1.80297680158445,-3.25316124414414,0.47842204702385,0.577980946484434
4.50310910248827,5.89244711340253,-7.35386451957055,0.495756412372235,0.585038553774902
4.17603009980622,2.52332129101458,-5.52284095309555,0.451554065720054,0.522450967808929
4.08879091251676,1.6704221493817,-4.91624264105481,0.588949660920467,0.469528137027641
4.23339991675835,3.84413179283908,-6.06070140276819,0.472350983480132,0.603783730251221
3.91851392493406,0.216483898449771,-6.16112775794074,0.549621867040889,0.704142991743514
4.21445203573861,1.89329160920352,-6.71614803931041,0.727050795139372,0.524386596083665
4.14934599544706,1.86082590610297,-6.56948168298071,0.374655471238368,0.637037656260107
4.34444381707701,2.6995606466141,-7.51441677655701,0.587945286078041,0.604870859011621
4.12185285446431,0.46804793532108,-6.40864430661174,0.52721935456701,0.64730944473978
4.35217728401183,4.74408392771727,-6.75251924004123,0.538578606638417,0.571268254231417
4.36153314386962,3.45932110210639,-7.85505406864098,0.465362221977947,0.606258815681989
4.35938823600039,2.86979458687496,-8.14210359931135,0.497013664456846,0.433995123702974
4.09515722925886,2.18444634529712,0.90149232355305,0.356371535950777,0.584005684060022
4.25594950435974,2.91428793181583,-0.762557410863038,0.554498683763458,0.520678436794364
4.28860440052628,1.61688980755383,-7.87673715558261,0.515402556431169,0.626268652553242
4.31353195301004,3.17205229537207,-7.40425070979636,0.449079002204922,0.561872986145258
3.98067424748932,0.881461358254983,-1.9568920880388,0.604858164011469,0.494325726654146
4.32246368152819,3.90542229224414,-6.91886513640279,0.598898229421526,0.547320238144515
4.3481807635095,3.32942696732094,-7.63420725519655,0.624649842964401,0.550302211017304
4.08663725430729,1.5789309760359,-5.14319411819152,0.507468705125089,0.644035021576954
4.11873897177272,1.13304903127175,-5.87073439359744,0.590178118797452,0.677747825957675
3.97928135408708,0.995685818868162,-3.03914636505124,0.434395427567518,0.606361872888344
4.31860793216181,3.57988571135635,-7.23014666246689,0.47296798428092,0.601713838813725
4.13871076701096,3.53672817210451,-3.285674369307,0.601703921471219,0.552053579767594
4.4722155826406,5.86009068531175,-7.09339880816796,0.548022296418143,0.520170252435746
4.38030855243662,3.82259700534338,-7.59307416571392,0.61547250187978,0.53022875501184
4.47724395379851,5.41711061555164,-7.82183990284205,0.429454214062959,0.657230298501815
4.42092240154556,4.75626340387062,-7.76231103627677,0.561241953304185,0.56528974246649
4.49274192013363,5.63009716465905,-7.60940683712435,0.475018134312834,0.605996167774928
4.34436792851226,6.35003636759127,-4.52217824050656,0.428575031594383,0.638876819289892
4.48032745480049,5.77560505293056,-7.53070377036996,0.519877867054051,0.580674060398924
4.50054008047331,5.36494704891748,-7.62353865020744,0.58787637528261,0.534880629980798
4.18777025566746,4.83872217154283,-2.56071935242178,0.436661786692692,0.579187647095371
4.18656791546227,1.39000082925622,-6.74357741259629,0.350544400887055,0.466602553922948
4.21186939015454,2.6423075506657,-6.77839109712548,0.463433888117251,0.635934575616828
4.24756573780197,4.01272156467579,-5.85189211353923,0.566005848187775,0.56069536396425
4.47553451774699,4.87065739712828,-8.01300875972984,0.590134076407296,0.496311292054134
4.22551446279688,2.72806463500309,-6.60995274264085,0.500435273797608,0.580728229369851
4.30068062338765,4.06603671258228,-6.42540201599042,0.503569862234149,0.557672110548394
4.30472483867255,2.37770952517534,-7.74664884773798,0.522085052588228,0.614683779880827
4.27414170420845,4.28179087192193,-5.88708728183746,0.575354403826538,0.54952996372545
4.47239764434447,5.68529890898392,-7.45068670134905,0.525914458204276,0.563712750085761
4.23747134600885,3.05263030184338,-6.62910974892913,0.472871339352992,0.614899780664082
4.09779548214826,3.31628734522317,-1.77255653918869,0.516745534820993,0.611488745025313
4.03152840852032,0.66173515441986,-4.79553348421338,0.581870930001495,0.401443280545018
4.22581138289273,2.28356156113426,-6.1991541549054,0.561439898704498,0.591181412651457
4.3878956940881,3.95685246691294,-7.49267347720351,0.540123898020922,0.578196558693557
4.34428957055674,3.77727801972353,-7.45199071378955,0.60687276810618,0.555364777014185
4.20304736745791,1.28278783735036,1.98457414056159,0.338910632630763,0.42505100388985
4.09643429155472,2.47803923744256,-4.14149058595749,0.48710421147998,0.571942402909321
4.49436422683685,4.49503775543284,-8.78059686348213,0.636461171141342,0.482281209892662
4.38000557150992,5.14941606661752,-7.13140269902188,0.539532709663158,0.570122062277004
4.45195771669701,5.5363801661093,-7.44457014241607,0.462158212873691,0.629136846290112
4.2608353261799,1.70380707572294,-7.68045685374169,0.456124267742602,0.640345458492538
4.36784698717226,2.60305020333833,-8.19083162793369,0.619408775126141,0.584272896963236
4.38481496528334,5.74261840597751,-6.42350493438466,0.469681161205678,0.599347795974513
4.32213044765111,3.08613265774841,-7.87643619186364,0.488849163907404,0.621026539212105
4.37662010209423,5.11231165075183,-7.46771978804238,0.421492563067337,0.652224890559659
4.41709057786005,5.09614055446688,-8.1588825372263,0.462818444261065,0.628634438161572
4.08609208660958,2.87428798713105,-1.45933795193543,0.505219808975944,0.574375666646756
4.34629013770752,3.78091439435783,-7.02453364534651,0.535676566195495,0.483725506953687
4.07801503643295,1.96036365984627,-3.6122583192529,0.507113759920903,0.560161064230668
4.10505079918616,2.13307895500498,-4.88337018875126,0.536989696121017,0.577404246134112
4.40074252980821,6.01730284055573,-6.03195090271656,0.449707734294132,0.613708785059374
4.37575370038033,4.05421466808058,-7.49436435398125,0.660995734052315,0.534344408858868
4.32503946333284,2.27988264432398,-7.55165380474787,0.439764685092321,0.533822851079455
4.17286367590858,3.19510119287052,-4.82828154517467,0.567619997946161,0.514276414407479
4.36454468353948,5.25340308687164,-7.03544460102969,0.41584020974168,0.656244464473395
4.34550705438752,2.46843181885187,-8.43427365109504,0.451822548360244,0.611328241534254
4.33376391795388,6.3298929274507,-4.02328221054952,0.437303657418063,0.562874415432058
4.10145536811413,1.26758724788772,-5.39218048907427,0.497276883463495,0.622916170245041
4.32733272609342,4.51526794433757,-6.95490567491975,0.375092345523858,0.609863161937937
4.1956526346091,1.43936865076453,-6.75632716774344,0.604926746258281,0.473619902342593
4.47641300787697,5.80489564882231,-7.49180262914804,0.429672734302433,0.638330854769644
4.33740622415313,2.49528036343092,-7.74709581916442,0.594597088553413,0.606122413605136
4.3964368437891,4.77845606451155,-7.5036083314398,0.478566655831429,0.578356592823316
4.43443520356469,5.11078575344505,-7.4458954922294,0.604415695725099,0.548565972192502
4.42772872216992,4.72748891771466,-8.14857830083458,0.429888044585993,0.657241113375676
4.44678195907657,6.49140807705515,-6.17219808633804,0.483853749241835,0.577650090646934
4.10424178542305,1.42359068007376,-5.971588126876,0.708404643521372,0.503300033411788
4.27222409823257,2.85387924818997,-7.10458403232188,0.463432069857435,0.552241419073164
4.36137267166985,6.46187268125212,-4.89265220902058,0.478601094371397,0.593805337355709
4.47217196831976,4.61285171729039,-8.24496203806393,0.484372620937254,0.548662339248567
4.45058934944456,5.59448372430257,-7.60734707821055,0.432801241564346,0.647307682112594
4.41830339569725,4.64194562887341,-7.66935531562767,0.467663830473798,0.61568304329334
4.34792066945301,6.20723766261384,-3.72118297057528,0.490715624586062,0.58603414435656
4.40201489760212,5.28761378419495,-6.83868500901574,0.521290409549339,0.566235791443134
4.1307263038877,1.94800654802402,-5.68831182941156,0.64398878285052,0.545209203274557
4.32260930782861,4.34627916778576,-6.67427675346299,0.516273764419758,0.565154518041806
4.41434870696882,3.95646764071607,-8.18320621295031,0.49004583245126,0.576894805776405
4.35402422673217,4.38785766919173,-6.85615878121961,0.470560498890974,0.564310984926429
4.38877887210751,4.6923675833126,-7.2998325266949,0.487480390094816,0.585955544674109
4.26850689637567,3.25369391558411,-7.27492057619741,0.401443054387615,0.649930093867529
4.05347753871877,1.13101522015733,-4.80314697325411,0.709773426047462,0.61195996132544
4.29809367761258,6.19764704383586,-4.54614494024459,0.390125324874211,0.689646755961086
4.13393226601088,1.76876119174018,-5.55872408616296,0.453194050316404,0.564907049603791
3.98449499008126,0.97319129142961,-4.69565660824681,0.702464679249211,0.641823484924638
4.30409791793379,0.83543619909341,2.30252597965948,0.595318705806674,0.370082943513836
4.09917609635925,1.12330629749564,-4.69383221915368,0.506648471179567,0.599137743388216
4.42999015903606,5.4704703717363,-6.84996104808692,0.557264617993145,0.537363801658361
4.25687429607792,2.28561724788552,-7.43258198096409,0.485933829144029,0.621428805592942
4.46464535248078,5.79583993916492,-7.3564593010576,0.553911211730887,0.546382051468734
4.45255480488673,5.63786090596322,-7.35532414368138,0.437940058877308,0.663134195410191
3.99274623850909,0.359929600828533,-4.6538115991054,0.5491706876394,0.689835733616254
4.46342058895273,4.89414656860931,-8.2406746269553,0.483626337065845,0.587644016370212
4.27774009372168,2.0594361433086,-7.44183140090041,0.406684347074794,0.508021875005215
4.38429587155666,3.92552153646157,-7.79786927796497,0.464276569400311,0.565943704123172
4.18901447778904,2.93581723521016,-6.11883610021875,0.655378050505929,0.515287467288789
4.43411509212547,4.82617545136348,-7.54694855399657,0.495617732010705,0.563210126343752
4.27038798962267,2.91418427828426,-6.2711620326744,0.418570030427875,0.516270241629468
4.46320975628685,5.65462149983349,-7.34200758991822,0.473850068023337,0.591306392157437
4.29153951717811,1.11686975292322,-8.28341969473853,0.471868568158967,0.63438645047195
4.24374661213904,3.99355714414415,-6.09468393574287,0.638667002823221,0.52881294408263
4.32388967804267,4.04658264795953,-6.74900753928516,0.579471460420732,0.572303900338275
4.13954460167526,3.00180569984474,0.378853901359619,0.413804413014363,0.583272188062728
4.33844443959665,2.3027118258786,-8.43252544028977,0.403093897762354,0.639562724331866
4.14557014110145,1.33718728424595,-6.128031680272,0.516483931244287,0.605836937881716
4.38021052772703,3.20376034088967,-7.78383091155622,0.467276879745537,0.584479818577082
4.13827545570988,2.80650337448817,-5.64530415357539,0.432231536845293,0.6373785296507
4.43105342568044,4.78683228979166,-7.48213713194579,0.549333795337174,0.576322670811119
4.23611646966523,0.903919334703819,-7.59496392496873,0.600566057729038,0.64681240319617
4.005188156939,1.00549834511925,-1.57840253479478,0.589725014327898,0.552880971702187
3.9450530676897,0.487218414305066,-3.35209547911153,0.572533653192537,0.696715879340735
4.3354009548798,3.12479086056328,-7.77508687874615,0.516871066597873,0.591831282898226
4.48469902248608,5.41096069947712,-7.54274565349527,0.581422333012403,0.524667279928869
4.46103389811128,5.4935473674355,-7.40973414195596,0.489277731787038,0.563029078914659
3.88982291143948,0.285140915636005,-3.11202282782262,0.476952328002272,0.69409483733186
4.41512171931334,5.11569874598396,-7.31210570507127,0.570384922802278,0.571627305554463
4.39535787429243,5.96724193208475,-2.84799106575075,0.705650805716442,0.59342816568581
4.14679947196839,2.0685146740731,-4.72034844268387,0.442629201160566,0.501968657657298
4.3172400344512,3.71325832955563,-7.22442916891771,0.546259480138481,0.586503349379224
4.49493739090921,5.48901654534143,-7.56820749798281,0.476198073571052,0.569404033449224
3.9757208796786,0.945917903140929,-0.572318217523545,0.53889400513799,0.562472145455521
4.22306659106822,0.886507795663699,-7.63491632405319,0.566952239009719,0.652914921163614
4.48102842051716,4.92736800606968,-8.27140994512888,0.473574524860776,0.592108545724143
4.34543153938588,4.41736037543618,-6.33443048798482,0.469429986306239,0.539931173150607
3.9631986848965,0.834720442600851,-2.64406404122477,0.441449060594092,0.623932808671949
4.43513992499807,4.75589272716155,-7.6227804362195,0.518820627657553,0.565533176771115
4.45303748089255,5.65230760982922,-7.15551959005649,0.544854853856548,0.532310035438668
4.3158652265253,5.29742393468796,-5.52475536689593,0.711629513506549,0.47392557207039
4.10987709084297,2.86325469089467,-1.20735121060593,0.479361583195068,0.554246145594677
3.99548841653282,0.483310586738274,-4.82252218688958,0.480586878746947,0.653004625305411
4.20229707620452,1.58263723229994,2.42113584361361,0.671426238658779,0.66089202133536
4.21270762929407,1.42006987151703,-7.14015168726422,0.511746814992501,0.658219503332486
3.94703484330225,0.543264747183184,-4.10700138590381,0.597345435739195,0.70232212889847
4.47435696012864,5.98682068057828,-6.9493903868181,0.542411984487764,0.551138656219492
4.07238592687415,0.645006075389973,-5.87331276235985,0.522963662308226,0.680943446911725
4.28148705342659,3.25487052965756,-7.03212956816265,0.530186087889873,0.595622034033796
4.24368307248425,4.9607536435668,-2.82382421005245,0.598024317741495,0.53521296999266
4.45472421373595,5.63820033376765,-7.47334476404667,0.539983224775491,0.55070863681721
4.33114879516885,5.03362597909138,-5.78688418200398,0.55265073763194,0.527994455623507
4.14484687541085,1.50520045838851,-5.83013188791682,0.65633092240211,0.591141528431078
4.27350774444555,2.3344796802372,-7.23587030207113,0.489973804318024,0.589512317143658
4.4282607251031,4.50364713694177,-8.30697474036507,0.414285848125339,0.637995960703698
4.18805384314161,4.17115185865489,-5.57607329718316,0.402221209669417,0.686087788751408
4.48044647000436,5.82678460073462,-7.44945859343001,0.571232023864745,0.528787364896552
4.33505792718494,3.7490741411137,-6.78889582985611,0.466180156184767,0.517449191426545
4.00479105528761,0.697027520260982,-3.88382630163699,0.555933432352384,0.668041356698565
3.9861482929218,0.320545657810852,-5.78244184192778,0.557006979001224,0.711000564296387
4.29069533758896,1.63926221709234,-7.56818639519301,0.629311962756603,0.617252283828315
4.1988054070126,3.3325554196453,-5.52633778720922,0.537205477937993,0.570051273916485
4.36853213292439,3.1027373183391,-7.98721521074529,0.559326809086091,0.583302288772028
4.48541207828149,7.10674870604382,0.178904294942134,0.740131394094326,0.656617711569288
3.98791156535782,1.91123373576719,-0.960327629292741,0.639226272972688,0.498651939512064
4.09764873859819,0.912485777228147,1.08072056144294,0.449114109180192,0.523482186107237
4.26510605977357,5.76897907937764,-4.75349181746322,0.383220092603097,0.678010106064765
4.38668721822895,3.0765515434945,-8.28052031273172,0.457011849383623,0.581425295423214
4.31698805682436,6.39954224468481,-4.59790257738712,0.42476780618963,0.670147115871683
4.48197878480759,5.40366844907335,-7.4236745122634,0.593624424043985,0.520676588853913
4.24830414996428,2.72822583419071,-7.16605138858922,0.454588708208864,0.611408860137055
4.45605850071499,5.66088887863362,-7.00304839646227,0.572556241837858,0.530428507917838
3.91812934049627,0.277930335427019,-5.10293526055538,0.56844602004146,0.748062232664453
4.31063415922614,4.03353184626331,-6.84028213739542,0.483033947111407,0.552238617739486
3.9986116130011,1.0025058868977,-2.84961163302743,0.497664205731629,0.634415931062827
4.26131410830261,1.14451276315398,-7.64721281761536,0.564364142949047,0.636854281015961
4.47812120120478,6.52003160009166,-4.98229731977408,0.57911695707566,0.533304660135368
4.26668283956663,0.650632946008702,-8.60462222294854,0.421498762530187,0.680654967051294
4.22306798373242,3.99013498611738,-5.05892375317115,0.561664866145937,0.553823548335975
4.46479269799955,5.72058891035784,-7.40437070640768,0.474580721733665,0.60356120443804
4.11508187029773,2.20232968732014,-4.89189643950275,0.575059695053134,0.52394652093619
4.12512819713685,0.771409183759047,-6.51676583901803,0.521487298046881,0.679524700783383
