"","id","lambda_sim","alpha_g_sim","beta_g_sim","eta_sim","gamma_sim"
"1",1,3.88911070152454,1.78883216831898,-5.99814874877498,1.20492028730708,0.795271967056281
"2",2,4.29583302711619,3.10119870997164,-8.06686548214265,1.57605239995022,1.11890930177418
"3",3,3.99348110591598,2.23595893289736,-7.08773296031494,1.3896398190066,0.866269110686595
"4",4,4.40865497739249,3.72825861440592,-8.24982842959467,0.835618584290593,1.17031335109914
"5",5,4.29486413025864,3.40631768628224,-7.76420193143633,1.05427460866207,1.2546144616053
"6",6,3.7644427417975,1.6152762051079,-4.97560447039762,1.2162092873744,0.922308010437783
"7",7,3.85512976090811,1.94389032228316,-5.4236574197117,1.04879238522101,1.13947900938104
"8",8,4.49198882739717,4.31489089084136,-8.08182133340392,0.825242569551849,1.07570295285256
"9",9,4.05172983760832,2.39422958427345,-7.25209986668542,0.997107004650198,0.648065755111869
"10",10,4.57390816411594,4.11470089544901,-8.98350506589026,1.52330913782981,0.788240354491574
"11",11,3.89671045693887,2.27034564194617,-6.07574280784774,0.670928053491259,1.44783976930129
"12",12,4.37001820874543,3.88970960013397,-7.89567557402912,0.877414970126849,0.87065254255669
"13",13,4.06820056080749,2.94555352419531,-5.84347518207176,1.02428559312684,1.03916664379827
"14",14,4.00064399143041,0.76791998806344,-8.03133302942674,1.20473135561673,0.682491134633061
"15",15,3.99348865878109,2.13832555763423,-5.45593800038675,0.962277180615853,1.02792544007907
"16",16,3.73792901229946,1.23148346773764,-4.5349285083377,1.00569192505486,0.822233459386777
"17",17,4.33239389706303,3.98618448466769,-7.30767549304102,0.844398110011753,0.719533260686268
"18",18,4.38874310847244,4.10941589422229,-6.86509121455084,1.16891226141687,0.797541999933472
"19",19,3.80308787583247,2.09510352415048,-2.28018109240796,1.21935632410879,1.34846489749956
"20",20,4.50668533839623,4.64102257326449,-7.82445946934176,0.933359480406804,0.547869402452731
"21",21,4.5564566979044,4.35391474131583,-8.50827404017744,1.04604755121634,1.08315376268748
"22",22,4.33294444508348,4.59818156638579,-6.62246280507638,1.27001578090208,0.536680485400051
"23",23,4.36479719343942,4.14406898491424,-7.40618634464112,1.11653637644053,0.803672617296228
"24",24,3.92314041980427,1.81114471296408,-6.26833134137825,0.889639856824973,0.64226975962979
"25",25,4.59841226339854,4.25006591573326,-8.8882682532314,1.54370615859321,0.784689092706924
"26",26,3.42353377115133,0.564244230480934,-4.14748062200144,0.537539280048546,0.982768077775812
"27",27,4.35015995931573,4.11929558227531,-7.48961575147406,1.14993246733363,0.719945853707853
"28",28,4.14603275054062,2.62762126713253,-7.60390945829368,1.42720107073025,0.97912716064666
"29",29,4.50460919344003,3.96803130076052,-7.84960395121098,0.956110864542306,0.614324963817471
"30",30,4.40763306629791,4.16576228022704,-7.44973397886703,0.742900230139764,0.844294511101759
"31",31,4.24752135539285,3.34389511135427,-3.82546303900242,1.34318013311486,1.42152062166087
"32",32,3.83666158690484,2.40853586839006,-4.3368972477484,1.16168534461047,1.13669671411987
"33",33,4.5744186955678,4.19168856823922,-8.83580753444406,1.31184614081512,0.575324325204175
"34",34,3.83219194959395,1.04940823117697,-5.83071320472856,0.983320154626825,0.682873458761818
"35",35,4.06547484708378,2.74496201800676,-5.57729287608086,0.969121132090571,0.9411807725838
"36",36,4.21730339947503,4.2211543737766,-6.20830152727587,1.06606695130401,0.782194626453342
"37",37,4.34636573354602,3.5737304472396,-7.75114649484406,0.910073937815031,1.02662509310811
"38",38,3.83344759083727,2.68544083925808,-4.55591374716188,1.00484153254008,0.5798692538387
"39",39,3.75918300197755,1.64852828734741,-3.5032627640949,1.10794353963491,0.993652609860469
"40",40,4.19501700623577,3.68743082244979,-6.66049040338115,0.60952622201421,1.2685386909121
"41",41,3.96666151409553,2.61632387019091,-5.92274449954165,1.01007142631407,1.26032346745157
"42",42,4.33967303252849,3.86090227446299,-7.775340646154,0.604740134875264,0.680163093519402
"43",43,4.25992430162681,4.00781230926677,-6.83817356876997,0.988577520983621,0.838715981928544
"44",44,4.43653949647378,4.17793915175962,-7.81717696186117,1.30178425853993,0.992229763180473
"45",45,4.38788472260773,4.1774604781671,-7.23626232290699,1.20209704019818,0.814245426546579
"46",46,3.8031198887125,1.34880965112493,-5.3853799512006,1.02132508224881,0.671608369921135
"47",47,4.36410363844977,3.94697881876576,-7.41018972851205,1.03619324112001,0.830937035626711
"48",48,4.25539264829506,2.97635105278735,-7.79289380503336,0.877949426665701,0.704673751315603
"49",49,4.13132704704404,2.47167047606126,-7.54117986409302,1.2337913494625,0.954551644940975
"50",50,4.27548433676932,2.94522320409975,-7.88962033804864,1.08792896001199,0.665581689821794
"51",51,4.04427446498033,1.03647783757268,-7.52426017967454,1.33222615856047,0.828186392066219
"52",52,4.40295287109304,4.22675657701365,-7.42543495536494,0.801726930528589,1.09249587344211
"53",53,3.81603515144525,1.80052697229457,-4.14479041071627,0.846911113044215,0.983164586227088
"54",54,4.67007646870603,4.83677959250219,-8.45410455868039,0.950620629613894,1.03461686489651
"55",55,4.01738171251685,2.76854184373514,-5.88317840454326,0.928377332665244,0.774463626225128
"56",56,3.94475272570121,2.29480817913493,-5.91190196758054,0.721883845522503,0.859656838674925
"57",57,4.20764792025804,3.73030531078299,-6.95028979596416,1.21339425989969,1.11388515722534
"58",58,4.57092128789178,4.41032427580196,-8.50495133349934,0.935447923705797,0.954966397559437
"59",59,3.77075756952652,1.26943306381732,-4.11215434841016,1.0058205674421,0.777984193212319
"60",60,3.72664365342005,0.938445252283144,-5.19731364773946,0.682994762180003,1.16336556197745
"61",61,4.48856618571022,4.01404997943246,-8.26494027103373,1.06508644841995,1.36259220870134
"62",62,4.19607273606928,3.22693952717992,-7.3008017946656,1.10985623640252,0.727011635746134
"63",63,3.95841840682584,1.25826277470362,-5.22721224450413,0.96097795552398,1.31957545325512
"64",64,4.29541849066726,4.05561067846175,-6.84686127186255,0.890450651929311,0.99976185235997
"65",65,3.91461204133572,1.72182757286183,-6.69229963635339,1.36013703621083,0.518716802589234
"66",66,3.82253343744642,0.242763030102419,-7.67793548084281,1.14415183495366,0.422663827342232
"67",67,4.03181441141408,2.98280302649465,-6.21497310833122,1.15847887976897,1.0642859453449
"68",68,4.05396542098724,1.25039046123558,-7.50822148677797,1.17752555360652,0.575187612962539
"69",69,4.51215512335361,4.7738503518772,-7.51053796172613,1.15079935476494,0.786387592872931
"70",70,4.636550042767,5.10887760769811,-7.99390516396919,0.768791744543017,0.596575430874938
"71",71,4.14550052019047,3.36272277328821,-6.67856654583504,1.05036649193257,0.76509886494448
"72",72,4.56160171775945,4.03260845112325,-8.92516517143961,1.55208866952655,0.777838377072988
"73",73,4.06333710619378,2.95281612442482,-6.60446449986405,0.874371413746981,1.22765077195065
"74",74,4.61501432719132,4.82650675485083,-8.2223759527267,0.850798483442398,0.957297632843393
"75",75,4.16392955886843,2.10830689543976,-7.46175633367555,1.04600402261179,0.707732071064399
"76",76,3.56458197859137,0.722421342098782,-2.81009581957098,1.11828936856405,0.930607183186038
"77",77,4.31911506172169,4.15710609346887,-7.05122223537754,1.22889848678083,0.696701973571654
"78",78,4.11019276763861,3.40130940506986,-5.90916780581185,1.01896108417242,0.685367378833461
"79",79,3.9256737472298,2.33408978572295,-5.91208724365539,1.19866693025966,0.806933392189074
"80",80,4.68634169057297,4.88994289777304,-8.36337514435966,1.17260812859333,0.924066781029495
"81",81,3.6478108451334,1.14116882643459,-3.45580722706412,0.812210227005542,1.09079922825627
"82",82,4.00573195813405,2.71541301428899,-6.27711305759663,1.01003469502554,1.21301937698741
"83",83,4.55132421261285,4.23160168717104,-8.68184770768683,0.829632135777884,0.877124201600742
"84",84,4.15689048415778,1.12532103458992,-7.96906385168447,1.03879319739777,0.686686515369423
"85",85,3.53553251202177,0.536963181083173,-2.28606570184663,0.770281258305478,1.05060767960487
"86",86,4.52304339011779,4.2571239722014,-7.62756233537807,0.989420025934357,0.541424746862153
"87",87,4.12542051901253,3.13618483591513,-6.62481765061355,1.13506156961744,1.12059178605005
"88",88,4.40935165818515,3.45532210304904,-8.49327787636017,0.611580904136353,1.133104321996
"89",89,4.67278293659883,5.00771624446831,-8.00652947510265,1.0115087979271,0.811404131433264
"90",90,3.7674585474198,1.31786303391156,-4.4384125537964,1.19958151701642,0.874019019543506
"91",91,4.02485219163638,2.69208054072829,-5.70340205767098,0.997215743845785,0.921291427852192
"92",92,3.99417442006685,2.75999063490036,-5.78413679298336,0.773444123972899,1.04350340975817
"93",93,4.34570443221637,4.35190204673802,-6.97076763081625,1.41735894507756,0.450905374071842
"94",94,3.57200108149958,0.353470061516622,1.11344299061848,0.900913024184737,0.904425690399537
"95",95,4.33050783925271,3.6092065451238,-7.9800247517475,1.06415344303815,1.05358112562791
"96",96,4.45931131534768,4.15213427756516,-7.99046867669698,1.03566393563764,0.697692087763484
"97",97,4.65456399195581,4.75280725268238,-8.72507757158303,1.18370215713133,0.421940538216408
"98",98,4.45622393989054,2.81630547072683,-8.95441919025467,1.41870619755405,0.823884602325764
"99",99,4.27247716327053,3.02925836929028,-8.09669305833722,1.30486530975412,0.929502540658394
"100",100,4.59893818015521,4.59810559589359,-8.17272518030144,1.34997578825604,0.835616121657077
"101",101,3.85915697843464,0.783252325163953,-7.41047326040493,0.922563431154569,0.562894791601899
"102",102,3.39177387274812,0.73078948251885,-1.80525529015458,0.875404510849433,1.01998344763211
"103",103,4.06270682165708,1.65399370657515,-7.40424495146904,1.20939205418283,0.768797397526465
"104",104,3.86900732986,1.38405650090355,-4.40479055439203,1.02974904013807,0.953722642605978
"105",105,3.51201297478896,1.1846726949776,-2.01870599432209,1.36928737053796,0.49559609643451
"106",106,4.31338856087996,2.82961087720278,-8.34305778212242,1.2678349129944,0.679191178935459
"107",107,4.2503065527734,3.8476284917554,-6.83641815782173,0.845885916762573,0.93620420900096
"108",108,4.5656274186964,4.6305772737875,-7.93876142375124,1.20235009787829,0.991666395603466
"109",109,4.47480349521214,4.11933378047799,-8.15914198472471,0.907088227135592,0.972288255268085
"110",110,3.88269317184321,1.96595899211278,-5.09173938024554,1.02644366717584,0.874991837871116
"111",111,4.36034541830344,3.94036648482285,-7.70511542224575,0.906803237190321,1.05988263583511
"112",112,4.33233721197094,4.34618699793615,-6.94645389396996,1.05576305951443,0.637624898457301
"113",113,4.6654229731605,4.64685294410376,-8.80755393517412,1.50060419075573,0.812783997011444
"114",114,4.37761403247171,3.50116030860749,-8.04502904217809,0.883251222152771,0.708049140406796
"115",115,3.8482812030534,1.19283228826093,-5.35368310934767,0.919774472221031,0.667008624141532
"116",116,3.91986139988225,2.08545401492314,-6.23284436241133,1.51595061413136,0.774744507650356
"117",117,3.95346431193884,3.21633222191022,-4.75501820603116,1.26737256990397,0.831598405777178
"118",118,3.75310479288046,1.48519017066217,-1.2144805143313,1.14711977990339,1.13839515497405
"119",119,3.97065017636588,2.40751165444177,-5.99779977199675,0.904568055808645,1.31995487440516
"120",120,4.29524860623949,1.44717573528937,0.503543777048606,1.7457497738495,1.01813710233921
"121",121,4.6463704642228,4.57979471693824,-8.64815010123024,1.39053480025192,0.859998929624493
"122",122,4.5215966882462,3.73358788611029,-8.66977086456439,1.24877350861198,1.02849604082461
"123",123,3.92738226032868,1.37972664429396,-4.94869648547412,1.09846659902817,0.899785430329013
"124",124,4.60841824734428,4.90920220467609,-7.81428688059653,1.30950981859985,0.746378348953279
"125",125,4.30238952692278,3.80391971479923,-7.5811488588802,0.966510304122933,0.964720951990707
"126",126,3.70195541410203,1.07323548085357,-4.41660525652087,1.13627197150124,0.770458494099762
"127",127,4.0099836955733,2.50390382152956,-6.72162418165757,1.23708419960232,1.03765783400859
"128",128,4.05432027961083,2.75457422555218,-6.11381333921605,0.865227880345204,1.2188481606883
"129",129,3.70311158561251,1.11587026998125,-2.68166965709286,0.758870815836134,1.37992269374335
"130",130,3.95113562384575,2.09483596445358,-4.01407818566622,1.24623840904698,1.15610788940723
"131",131,4.70526398835395,4.94091476789762,-8.65255523160881,1.12869118360751,0.83194484313081
"132",132,3.97647065328593,2.07393863459353,-6.40615931093449,1.51357128045554,1.29332256123343
"133",133,3.77320056875863,1.57919734061764,-4.39067940314294,0.806629333840147,1.30324015319816
"134",134,4.05706784210133,1.91590179611857,-7.24623382656467,1.11623931615277,0.751150604809971
"135",135,3.93865069750841,1.66190970191916,-4.67636003394958,0.872509813446285,0.820484390415504
"136",136,3.96291227569529,1.46113862823194,-6.23468408835543,0.461627797527575,1.01018856474314
"137",137,4.10568194244116,3.22057182282859,-6.85840777935949,1.38825862099113,0.383536156017789
"138",138,4.22910905101903,3.43922147603327,-7.25149268539556,0.970950605685335,0.953660831344973
"139",139,3.94567874947364,1.11991058473726,-7.32162856001717,0.948341752696143,0.566045336366746
"140",140,4.48168874329234,4.45185397613714,-7.9619317698016,1.00718031879745,0.89983587225216
"141",141,4.50510107753825,4.19033366800993,-8.32633499167878,1.16414627148878,0.718244961372544
"142",142,4.22842634605769,2.90119811221319,-7.41856448195349,1.08746052442892,1.40210829067146
"143",143,3.73109222329755,1.57607122515805,-0.271246008558155,1.36742092619533,0.75035814896327
"144",144,3.9208682238835,2.53078807885047,-5.69335246184914,1.17851996730701,0.944888845616597
"145",145,4.27878285765233,2.68712909338129,-7.80857864588303,1.04306333456207,0.709770485750918
"146",146,4.15240141961825,2.21353885767062,-7.37075342912412,1.27210946819173,0.859788214147534
"147",147,3.88177303681393,2.09794958503065,-3.83903439798654,1.17108566397534,1.28441898378386
"148",148,4.20636878653279,3.63286809079464,-6.61012023798431,0.862154916098609,1.08628770564726
"149",149,4.27372003099029,3.40163313941072,-7.45749680343739,0.862880702117711,1.11830872860691
"150",150,4.13520798236691,3.56362733505473,-6.52075174484743,1.19211831774121,0.893213760058372
"151",151,3.88533854620154,0.699811751122228,-6.4616382829524,0.93634075116769,0.494348219941242
"152",152,3.67767647783247,0.843743106563544,-4.02668177772381,1.34482530807243,0.877457565322038
"153",153,4.46277592483313,4.20480939975711,-8.02973869420548,1.26958884615854,0.850767375329172
"154",154,3.82916413810725,2.21461739690254,-2.69593498408364,1.19295403285791,1.28106947793459
"155",155,4.63341380228825,4.78307273713019,-8.27868300201083,0.968805242405177,1.0824953397247
"156",156,4.21141188311901,3.36996426253697,-7.31604188707487,0.784799205825175,1.09830635559693
"157",157,4.65751255780537,4.01837730456286,-8.48118049976371,1.43584602352011,0.647012262287336
"158",158,4.59375667906697,4.49422375974961,-8.31770112282663,0.883303098786774,0.88402122385513
"159",159,4.61856075035642,4.28930909909683,-8.88007879489555,1.31692803752221,0.93079087828636
"160",160,3.98799462832337,2.24120260816794,-6.84261462529759,1.58382156519213,0.982013324847305
"161",161,4.66014688287789,4.52477164932093,-8.78999238175675,1.07694112293778,0.851001739469389
"162",162,4.56604279358317,4.22400930505175,-8.40499471172752,0.911386006033609,1.10681412848339
"163",163,4.22108964660617,4.010300792714,-5.71724846753933,1.21756454756668,0.969974631376826
"164",164,3.90117005406837,0.887707948238192,-6.41129086393566,1.39552477740045,0.876729420238001
"165",165,4.34049423827657,3.2445548702652,-8.07848909560368,1.57640212592516,1.01140357719211
"166",166,4.11030437811805,3.25382648974293,-5.61799654727156,0.993539347466853,1.06899751442864
"167",167,4.47583400874815,3.76114236388135,-8.50743129755828,0.895338855830858,1.23368913056242
"168",168,4.46412878789704,4.28226324530727,-8.02464745846465,1.00325035472149,0.852031328768987
"169",169,3.91570285885329,2.08409327281897,-6.04160714132539,1.1213438331468,0.889050732555525
"170",170,4.40999344585407,3.03678223714041,-8.56479234118392,1.00729044694298,0.67587094687068
"171",171,4.12981974341843,3.32738181047715,-6.85619746731628,0.825775920974666,0.950257314710103
"172",172,4.64145481849124,4.44365000057798,-8.81534623709419,0.952992944619678,0.869290406748718
"173",173,4.41734864291836,4.38075375859916,-7.26259266691316,1.30471504194668,0.73108542158313
"174",174,3.64389546769475,0.717875390925868,-3.20554768976024,1.02934808639658,0.675695633640378
"175",175,3.71703599818663,0.855571660959331,-2.88689634094393,0.730014060470051,1.29989092414099
"176",176,4.26940346812082,3.41255866074227,-7.95932820725255,0.305433612056345,0.265468196810537
"177",177,4.35361286876004,3.80988830618187,-7.68220650815924,1.07958504040865,0.960524977247286
"178",178,4.38163551908397,3.95140794610464,-7.59775939283367,0.930628785772252,1.12325665148819
"179",179,3.84484139166835,1.94469213891076,-4.74918478864369,1.36010597024807,1.06067301903609
"180",180,4.38092517464725,3.30900622855195,-8.46166362386469,0.764976558287431,1.35289284401306
"181",181,4.51613164203103,3.98371783226605,-8.66510072110933,0.999703517211691,0.944039791220128
"182",182,4.61225414840322,4.59110962058643,-8.48463754463912,1.25888087873256,0.701284956857296
"183",183,4.46092629415963,3.76616356587403,-8.56955487396389,1.28519839650318,0.780529185109065
"184",184,4.33736545188114,3.72964695800216,-7.41934328878545,0.906195617629565,1.1016399385142
"185",185,4.30551369817036,4.51727917708616,-6.49747690703123,1.2608652375681,0.81410443050066
"186",186,4.63958355102296,5.08342510513157,-7.88117612722333,1.22205008728178,0.697784340707287
"187",187,4.26507466209519,2.74309935286114,-8.30864433982148,1.75108216921165,0.830208869929089
"188",188,4.56694763542201,4.78174347178292,-8.09610991555284,1.06396921827361,0.596748387573001
"189",189,3.75443721537368,2.0154309734172,-3.25306156863255,1.05874271981644,1.04622596578061
"190",190,4.10136058040014,2.75850648109141,-6.8031928652292,0.927325528003378,1.20009984898204
"191",191,3.80133280297905,1.20420736277475,-4.72627095737387,1.05403068780037,0.944937405898142
"192",192,4.02088431374394,2.45228934253182,-6.18510566907274,0.975636049733306,0.820513844844969
"193",193,4.254549559825,3.32685478219495,-7.72089962763823,1.35061217911592,0.902987962017851
"194",194,4.23320265747558,3.90604074614638,-6.7739990066535,0.581857638112789,1.22920017102726
"195",195,4.01073182984762,0.833165083498695,-6.78032060372989,1.13275638316478,0.781751818545786
"196",196,3.86438665198518,2.18467424199045,-3.59940329314164,0.860487801420756,1.21623955092596
"197",197,3.98885075452174,0.739505115707314,-7.54954561465777,1.7956068538209,0.714098697475233
"198",198,4.31386050180301,2.28396564789631,-8.41120372033975,1.03665343054216,0.382013402201475
"199",199,4.44641435304806,5.5555857010336,-4.19870707193133,1.2718674533781,0.841725798093659
"200",200,3.86162969990711,1.1167730246778,-5.55961948501214,1.09971997581888,0.680489451465431
"201",201,3.97685215791352,1.58114947159948,-5.17156670354674,0.852834795514401,1.2601909756207
"202",202,4.63228569180864,4.34258172518101,-9.03223347793819,1.40465795988897,0.718196229634908
"203",203,4.33185685893957,3.91871859027271,-6.97743938710516,0.974839882511652,0.995229258107259
"204",204,4.27379382005462,2.89438837903266,-7.98069844308301,1.19618873491032,0.848214980228015
"205",205,4.50220792971323,4.74230916420668,-7.46372452394546,0.837525148833869,1.15328699758919
"206",206,4.62970893716088,4.39424585749887,-8.93352433944572,1.58028200880375,0.800969833307934
"207",207,4.34392656852612,2.95511032736855,-8.20535233150083,1.07743502680617,0.836825450101794
"208",208,3.88787482517209,1.66885359697213,-5.49272646431557,0.606032986211995,1.2354343873532
"209",209,4.06602115165162,1.37344054440335,-6.85784165424588,0.861343805620982,0.564908514011079
"210",210,4.28805014078107,4.88322550369792,-5.57183771634615,1.0854548813198,0.750653169605379
"211",211,4.37304123694652,2.99503295777235,-8.34568487574125,0.96465452033442,0.749937744909588
"212",212,4.58482707284591,4.25846071962548,-8.78905329626223,1.38469389976469,0.629140382300182
"213",213,4.60201771724806,4.60216366509883,-8.35816671928663,1.41658029780867,0.902144266698865
"214",214,3.96982747313747,2.77541538126289,-6.15212489096711,1.29813324702863,0.973731078449498
"215",215,4.58722262439051,4.83848398887421,-8.12529456609059,0.845146109830837,0.707811041832541
"216",216,3.995534962642,3.24895358597216,-5.56446089372678,0.783030184956169,1.12447597316156
"217",217,4.28694581040547,4.28586980295399,-6.4925901628091,0.886708309624968,0.719587075114381
"218",218,4.35437405751729,3.0216230667493,-8.50729593695788,0.989911936171025,0.714411480938853
"219",219,4.07014466203109,2.37874217184921,-6.90482792453454,1.37646745682275,1.0362407840923
"220",220,4.62986454671894,4.76592779500533,-8.36516527212953,0.99273083635631,0.723651624868863
"221",221,4.18651081464852,2.25141306263821,-8.03314705159694,1.31154107893255,0.354925862388326
"222",222,3.72470438395769,1.68899688698163,-4.87084219720845,0.625674517477947,1.09520886017257
"223",223,4.12040948147025,3.91638344141618,-6.16915558736863,1.482137360885,0.452624972262483
"224",224,3.89559307959859,0.931503725720815,-6.68516961349101,1.12746616902117,0.695030132574706
"225",225,3.71386342658455,1.53585272407462,-3.75428457514775,0.716577304155839,1.2849034545457
"226",226,3.73992596042902,0.51759060429327,-5.80658160767031,0.879868639913105,0.563645828364242
"227",227,4.41612888356,3.36929480490927,-8.44364058391478,0.959550499443307,0.995352664398559
"228",228,4.43194055475311,4.23253266336433,-7.7555536079643,1.25589221784603,0.888031557500501
"229",229,4.6307008769103,4.5180416248924,-8.80735471854893,1.03860187036684,1.08356223136316
"230",230,4.51189495294919,3.88442183353304,-8.80886997115678,1.42419946290638,0.641797023357508
"231",231,3.83936503720261,1.29453486606708,-5.82570347180873,1.08342954700447,0.710384141514762
"232",232,4.49785523095662,3.87292531229828,-8.39214063662012,1.14426173320826,0.795339668109122
"233",233,4.03848406473374,1.04092211568679,-7.35693392832347,1.15461200673942,0.773631336393268
"234",234,4.22254646126472,2.43322640165462,-7.95461819830811,0.984618313649059,0.654601574718943
"235",235,4.15321500456834,3.80554352563114,-5.59291813858392,0.675719939235003,1.17806203514235
"236",236,4.25709960924272,3.02226982092641,-7.70785715373623,1.03005366936284,0.835760460245675
"237",237,3.83794952151688,1.46959798461275,-5.55620720853022,1.30022347713801,0.945088304301815
"238",238,4.48407865647892,4.25204605446989,-8.24118203855638,1.40604878038964,0.993922965331077
"239",239,4.26252950300876,1.34234019623455,-8.72323150088156,1.26757094305387,0.67990923713243
"240",240,4.16574458546742,3.85956181684375,-6.61354212138704,0.570582403443006,1.18145731214858
"241",241,4.32842586257799,3.73588464391219,-7.48705034242046,0.797114974815983,0.821395234056095
"242",242,3.69895078897446,1.54787950560173,-4.43232082081809,1.00367638581208,1.03169520933942
"243",243,4.63200705263116,4.77889943490772,-8.46524478314018,1.44595917279138,0.646389651637793
"244",244,4.13844832428588,2.58749197015169,-7.06073148058935,1.01731414226385,0.745070566762888
"245",245,4.26122728590678,2.59164768489956,-8.09558231831673,1.06731956783687,0.676325093193547
"246",246,4.1014932724498,3.57847938040495,-5.96693512673023,1.3500422809958,0.560316102055108
"247",247,4.60098486207619,4.42977437147772,-8.70970268665325,0.80418296273037,0.7424806085484
"248",248,4.21379461234428,3.30824449329103,-7.43649769471231,1.00238055856118,0.681307086590408
"249",249,3.77857835690843,1.51989330790529,-2.22699891132054,0.925301541167824,1.08298498981455
"250",250,3.52819412896966,0.370143181175638,-5.21491523751788,0.99590156469393,0.690874923089222
"251",251,4.51030172692272,4.43074136463892,-7.91195970569076,1.19352231995668,0.87914951145884
"252",252,4.65772449256457,4.47605466636368,-8.68343278953486,1.06350853134642,1.2484595422523
"253",253,4.47686392584704,4.05394308043033,-8.16285002730123,1.07356244003298,0.844153943056619
"254",254,3.5662486440731,0.265107307462692,-5.13932718613829,1.18052322644996,0.613525890798381
"255",255,4.50898022396466,4.08045099185188,-8.54342299368161,0.873963169377695,0.875488921221392
"256",256,3.7780193760843,0.938728166641321,-4.4367248761249,0.753801835678475,1.21984393841633
"257",257,3.68064755775509,0.965007275087817,-4.8020368113709,1.09496042559855,0.795695446390733
"258",258,4.43927980435084,4.12996465471254,-7.33598551116753,0.977790865618222,0.835016607212328
"259",259,4.42370565618979,3.57039331991995,-8.5822814840678,1.20481604153367,0.813281281980107
"260",260,3.68716239356793,1.17950154422228,-3.18978126328477,0.948856658354583,1.01562085163689
"261",261,4.02093895388333,2.5434772734494,-6.71454331384076,1.34076128434968,0.578757391916114
"262",262,4.56668261163079,4.07121993820461,-8.68950670395371,1.13253893255301,0.793795554616054
"263",263,3.59828890045254,0.331089912054744,-3.01543429957765,1.30724539163152,0.775466129934573
"264",264,4.50484955185976,4.34395102436233,-7.83193092261265,0.978045608820795,0.821397922779358
"265",265,4.63214909353738,4.54208520700003,-8.58042346918144,1.08939585238917,1.14976644286099
"266",266,4.35420663726765,4.6450844200514,-6.4696194058084,0.372531219201069,1.14185672542476
"267",267,3.87327323295119,2.05697526835837,-4.49622951291899,1.00823748419674,1.20143230865259
"268",268,3.64917305863464,0.305065843977188,-5.61462612747553,0.942862789654602,0.49305911510156
"269",269,3.36190185337983,0.640031718398431,-1.49220406770433,0.967811983971962,1.00267223737811
"270",270,4.31130198190457,3.64638639405808,-7.8395683033348,1.20934986414017,0.842802069311253
"271",271,3.87733839845466,1.33309656034871,-4.10912043280817,0.979638483757491,1.00345245539993
"272",272,4.61847525183824,4.49404246711544,-8.76136156175379,1.04908175819282,1.05694057741116
"273",273,4.07637895505424,2.94484746219679,-6.49739491102298,1.1425639689376,0.716036089815856
"274",274,4.40014076628948,4.07603964397041,-7.48105170246633,1.09108734542251,0.885812326486821
"275",275,4.01206067067923,2.90687153606816,-5.89630067220229,0.881870042443992,0.981549484012381
"276",276,4.67502228227825,4.49264671520199,-8.9138999983694,0.98816629515704,0.980832334421238
"277",277,4.32512950601317,3.57607245952003,-7.30558580321063,0.98484131131303,1.08481710112953
"278",278,4.07116762255369,2.75017549213409,-6.5950939104145,0.755932904614581,0.981846170440113
"279",279,4.41014231927888,4.03033515738485,-6.85551030435476,1.3120221171988,1.03088605660722
"280",280,4.37313983720497,2.91716653461903,-8.63650443974296,1.41111717444403,0.520646647201707
"281",281,4.2198247783921,4.13787284624653,-6.39223460842195,1.41467635156752,0.449405468863452
"282",282,4.60858454354021,4.5804202862465,-8.56139751907099,0.971824439178624,1.0861728817547
"283",283,4.0499776569201,2.88767468025593,-6.62388613804422,1.16947380086533,0.997036766215974
"284",284,3.94436877594212,2.24562336137586,-5.92059499775462,1.05790622862739,0.845266451677804
"285",285,3.96388881167456,2.52395184582533,-6.71618272610842,1.31023554662242,0.920616362786209
"286",286,4.23074876719459,3.65138635657208,-7.20748201546876,0.945762832007189,1.00536395496964
"287",287,4.36495598691363,3.71910792442269,-7.88441269724373,0.990618831187847,0.939280159345455
"288",288,3.84396447451459,2.18452634448355,-3.96844987259572,1.05130036603465,1.07752771118796
"289",289,3.87116227484541,2.27547133297403,-1.783437954729,0.743949958819137,1.22508077878559
"290",290,4.37544723246319,4.46233727511749,-7.22743132397507,1.35552979106391,0.475402915439437
"291",291,4.39649685281293,2.80738233597912,-8.55799405828251,1.09614455501198,0.698482360020223
"292",292,4.39635380043744,4.54432015612713,-7.23668762300633,1.11411631128414,0.456677557683517
"293",293,4.50149240386258,4.53077806306285,-7.83440277877775,0.894811154851469,1.1518280691548
"294",294,4.47608095566326,3.7080587248718,-8.54142403936798,1.33421932350828,0.868605651891316
"295",295,4.6418933168267,4.57028794838865,-8.79263037295841,0.939333564656016,1.08285933403285
"296",296,3.7536464139394,0.357163835226331,-6.17308667108206,1.04875922176981,0.640746698709279
"297",297,4.12192008702474,2.18206171951584,-7.14740207081168,1.09391942992634,0.75280636528748
"298",298,3.95400287475381,0.943326629632701,-7.24105779531008,0.974086069018418,0.687439833277309
"299",299,4.20777953217129,2.2565834569564,-6.79739713476411,1.08536014941145,0.871671906943185
"300",300,4.52237006260244,4.47895657999175,-8.16709705949773,0.847934175188811,0.925342554330041
"301",301,4.63362838039335,4.3352320927212,-8.9471402223831,1.64103535595906,0.886144480568316
"302",302,3.97010979802699,2.89051859536313,-5.1706718017039,1.00731964211825,1.01287092382328
"303",303,4.69129374296125,5.01418638210206,-8.32222458312084,1.11250063246229,0.770756671491052
"304",304,3.91726556650528,2.33205612943532,-4.76130064418987,0.869040914894919,1.05880771288447
"305",305,3.99495484049983,0.585006821996376,-7.31021135198525,1.01981684067195,0.513954958607829
"306",306,3.90451300018626,1.83724679229149,-6.10445812046273,1.03199422348636,0.813726946764798
"307",307,3.71146158269739,0.705554413576198,-3.84371238640127,1.04502587901631,0.717178079572959
"308",308,4.38838110942617,3.30861632770672,-8.56133390571884,1.30632660505676,0.489937857998578
"309",309,4.52291519377536,4.02333870584334,-8.50918685833794,1.29567393484777,0.85050397716876
"310",310,4.36751854507752,2.53950759065951,-8.77414311002754,1.16393458258245,0.625373031853871
"311",311,4.04619929389933,2.30885987973767,-7.42811827078582,1.33664139618326,0.974543474739447
"312",312,4.20785653153922,1.33496890698599,-8.37114207768326,1.33350346949469,0.623283250787881
"313",313,4.53625672714903,3.8629698732145,-8.95369864570111,1.5099867539829,0.722613463182938
"314",314,4.17485057319989,3.41760781359792,-6.80266754825637,1.15403531658713,0.879286147604324
"315",315,4.26354151167204,2.52435157980194,-8.42070777504638,1.39612504116095,0.512278481098498
"316",316,3.94330617780468,1.31088097400935,-5.88565857901895,1.05951287714958,0.815898652981399
"317",317,4.46476907782815,3.92242544052789,-8.41127033527401,1.24637855495971,0.742582461712517
"318",318,4.64899761172825,4.44760379042891,-8.82695127658248,0.90594208951709,0.725434107209429
"319",319,4.26026527446972,2.85206794402152,-7.88856495922485,1.17656026807131,0.826491973849575
"320",320,4.30516649295296,2.78804773550051,-8.24448852332953,1.17834440458753,0.693044904461443
"321",321,4.47222309398462,4.06274545450898,-8.08776063931592,1.16413227527136,0.904097571056702
"322",322,4.43357080612378,4.40335788497771,-7.57536767994404,1.23851481955669,0.792389851329621
"323",323,4.03084375652494,1.81358682317161,-7.26557189716531,1.2691870640036,0.756754747768448
"324",324,4.43373266599519,4.65492498880752,-7.02267735701645,1.31670606635741,0.899789214544343
"325",325,4.30771359786348,2.46627825108216,-8.46903977088828,1.29066763157136,0.757803021027887
"326",326,3.89674064445934,2.59751146180478,-5.37283297548301,1.01509818850306,0.812184925945996
"327",327,3.94337384689893,1.13058305373405,-6.61269764340594,1.01276597701518,0.700309380525131
"328",328,4.08548590377869,2.36271302513754,-7.60847544972268,0.750295649013028,0.427657071780561
"329",329,4.15587312236522,2.68817352739294,-7.32204111243546,1.22253693390407,0.728575035683331
"330",330,3.68954667206876,1.43477314360292,-2.28381478026718,1.09355040965662,1.0629434636672
"331",331,4.24693736809479,3.66367513519159,-7.14771814657148,1.19426455860919,0.822087127362907
"332",332,4.17985562475751,3.05287739055002,-7.77337289581644,1.24145184700435,0.860667735008073
"333",333,4.14343792956244,1.30369738295191,-7.98822082853826,1.13378515374682,0.637199390275639
"334",334,4.45901940745615,4.14851758857015,-8.15220566979765,1.17256146644245,0.619026079314578
"335",335,4.52126217455958,4.30847334201128,-8.31430143884156,1.20361848867208,0.630260536968292
"336",336,4.7076903520258,4.8490358713948,-8.75563411318017,1.53347429352253,0.812566651912194
"337",337,4.03666759356109,2.73145192337863,-6.67208376849851,0.967981796512071,0.655458473490295
"338",338,3.66449261538498,1.08216695080626,-1.49920311868181,1.29020352144748,0.740287897564564
"339",339,3.7168892425183,0.53636020982336,-5.56407533259361,1.07520186073245,0.527051985446997
"340",340,4.00770190548258,2.70055939797373,-6.37986151733695,1.00783196637688,0.621272039409445
"341",341,4.19355121941744,2.85034587058913,-7.33887545036648,0.995499784436987,0.758576271492712
"342",342,4.18164785158897,3.48145275249013,-6.80601835762674,0.853717733711906,0.718923738825202
"343",343,4.61846486669424,5.13153912726073,-7.81855208045192,1.12173512826352,0.848712320399223
"344",344,4.55763524026984,4.40562148896608,-8.52927574918484,1.00300751571129,0.470590148591473
"345",345,3.72315484262409,0.807660222436754,-1.72854754328322,1.15692792908457,0.955916191672808
"346",346,4.16659839719503,1.46751823555688,-7.91429619422636,1.06910863863344,0.746227952733366
"347",347,3.88007664825791,0.881436181369647,-6.41621771622443,1.55859936456266,0.862637331109351
"348",348,3.93769400376204,2.80402455906203,-5.67479825882753,1.40968383212227,1.09522976121376
"349",349,4.23085806603119,1.74923986153711,-8.26777988444362,1.07934239259232,0.665716124240981
"350",350,4.27425776516561,3.44373547081254,-7.43703056321602,1.09864738337778,0.705053241803453
"351",351,4.3828101152086,4.04249974388497,-7.7268560140974,1.07661627538241,0.641458592471062
"352",352,4.31131301786252,3.57014697209738,-7.51319712022496,1.25823344964317,0.96729580221195
"353",353,4.09789459383729,4.08121350569735,-5.04687850381478,1.26148181698885,0.676527434799986
"354",354,4.32514131661136,3.93560982954651,-7.21177779444299,1.27282512430496,0.92083401098429
"355",355,4.37916791135932,3.24930761018302,-8.56769946075267,1.36695099547664,0.58515003253118
"356",356,4.5199750704715,4.06671186312234,-8.27211437052748,1.25319376186129,1.0303241326306
"357",357,3.69528612707508,0.812555160966489,-2.27619632502335,1.18523294849008,1.00500204854628
"358",358,3.71234316950766,0.298915213175001,-7.09090689235714,1.4988796597022,0.36631640429033
"359",359,3.75714183811139,1.50793260402128,-5.45917576338247,1.39822314640009,0.454716752553317
"360",360,4.69943732573197,4.64175905844229,-8.97283499642112,1.63232102689542,0.913454043359595
"361",361,4.28353445225244,2.65224545277362,-8.16285032020499,1.18333233060256,0.933628273500317
"362",362,3.25764724888698,0.210869987403199,-1.67642659533757,1.2456255799713,0.879205581280269
"363",363,4.47847463954001,4.53353692437155,-7.53088634699493,1.30444457063748,0.792874254068537
"364",364,4.34543348117351,3.47708487578125,-7.70775061256465,1.38553361062453,0.894889659864084
"365",365,4.18880808441283,3.36057283700147,-7.05344058344763,1.38898872744729,0.77991601318608
"366",366,4.57583447167643,4.40205143346079,-8.41258047197179,1.31798793199385,0.764129135689773
"367",367,4.30252632397287,3.73180540726198,-7.29855104931508,0.925543976818657,0.60245163518642
"368",368,4.39759388733817,4.2680449952744,-7.6092863542382,1.41092906373067,0.525353809903144
"369",369,4.09317085719774,1.32518384640971,-7.37481414581787,1.0280451392787,0.651589852918707
"370",370,4.45560378258768,3.56353336158428,-8.99765434858767,1.92005694880006,1.08257770901584
"371",371,4.56583927122446,4.1521209891,-8.59986734130024,1.44939267079602,0.970263613686232
"372",372,3.91130100146776,0.812361287409715,-7.18797419677162,0.93311011599345,0.625547102546494
"373",373,3.67978633506062,2.06427945185124,-3.3643656888465,1.54425328885182,0.802096216774989
"374",374,4.58586407182013,4.34959496925474,-8.67653374995174,1.55511184625125,1.03032660322272
"375",375,3.46319245705193,0.167132105429246,-6.28142068313323,1.44843503757139,0.405910563458841
"376",376,4.70823248663179,4.71732373852402,-9.00268095241472,1.52614581842632,0.811849750379423
"377",377,4.60726906466289,4.62348163046475,-8.25904914244424,1.33382281359708,0.813964102412225
"378",378,4.29489331786175,2.90521965676978,-8.20135169251863,0.894830004397417,0.524290115169187
"379",379,4.56364007309064,4.68237247990483,-7.79738082403689,1.23245722454575,0.837573708563007
"380",380,4.20394177049203,1.43147434345268,-8.55087722706776,1.45491967673987,0.54460603141493
"381",381,4.47969618316283,4.00217280288879,-8.2840703913293,1.41962947280364,0.921092946706241
"382",382,4.71501683840255,4.94740036017902,-8.65881894332707,1.50191380818126,0.777366782830394
"383",383,4.11151487088997,0.886325379831685,-8.01561201081208,1.06188034379072,0.501898096121416
"384",384,4.56786010281226,4.0478996565563,-8.9009802931689,1.46350511190978,0.689137788144014
"385",385,3.92554473282762,2.86915016744228,-4.84670578334808,1.06831538294319,0.924949527140094
"386",386,4.2475698980445,1.81171592355151,-7.92853211003258,1.19467123829913,0.594717661820211
"387",387,4.1247027228813,3.74437451037736,-6.26257696141822,1.43577059097313,0.421062450413125
"388",388,3.1488741624567,0.242176484053641,-1.87002990078366,1.37002471954754,0.938320552390169
"389",389,4.20542695678049,2.42525964818071,-7.96161176833917,1.24697709761251,0.727431427088826
"390",390,4.34080066216205,4.17181826031004,-7.20597022668086,1.2930700132817,0.931364073492415
"391",391,4.3816811286905,4.12490251891234,-7.35363541755451,1.28026547873115,1.01787704043407
"392",392,4.53268865172252,3.99313839933774,-8.64116501559613,1.29463661511098,0.824270737395057
"393",393,3.84906395922081,1.81255734592147,-5.47108079198311,0.916059589155068,0.606347468021618
"394",394,4.53588280479063,3.90289687529145,-8.60743022534245,1.0659592821181,0.881610027577981
"395",395,3.69376598917843,0.72192924596663,-4.79573438322471,1.35416387215475,1.04860326537171
"396",396,4.11719906338266,3.5861857254913,-5.98421980375184,1.2907309664178,0.717124416643308
"397",397,3.89692625198012,2.63909292508592,-5.35286405112292,1.05004188976224,0.732278232031398
"398",398,4.59198820467404,4.66271916513619,-8.32834334387941,1.34086946277687,0.752017126030052
"399",399,4.44547525526946,3.99799687539019,-8.25659107895511,1.04644142504076,0.955881958116564
"400",400,4.43568059660104,3.0074139778683,-8.79331435964658,1.24042655580653,0.671806698160031
"401",401,3.98437998743176,1.13702083964142,-6.82104308672836,1.58305877414383,1.19988239754158
"402",402,3.97466568958877,1.26497965459533,-6.82104421584297,1.14645387753492,0.609247793421062
"403",403,4.22165146824573,1.23484627000281,-8.26692548595235,1.0956800028607,0.582653140103602
"404",404,4.24968425477395,4.05674387280153,-6.43732389114711,1.0772902364029,0.83565083742617
"405",405,4.05153851492633,2.07171514970348,-7.23467371814898,1.42946025492636,1.0014726893108
"406",406,4.54809623565969,3.7146586391572,-9.0438602036087,1.46908271361368,0.653187981302021
"407",407,4.54776433574508,3.41512627225041,-9.18726132547315,1.54024786986526,1.27665037732441
"408",408,3.82191457627575,1.03213340116265,-5.78863399022177,1.11776388832988,0.75978834141709
"409",409,4.42555608663577,3.55466731224346,-7.56924388751595,1.05922944814456,0.905202965848465
"410",410,3.93826226753175,2.53767650899773,-5.83257243862248,1.13127483157522,0.928312566226059
"411",411,3.18397039656175,0.258638404219678,-0.618965158416428,1.13174386453623,1.00652907685616
"412",412,4.19711221977401,1.31323097307934,-8.22731478833513,0.805243487374946,0.586529823004396
"413",413,3.97154090867549,2.42221551858928,-6.52705307733611,1.12553787942292,0.624472493015029
"414",414,4.66949565352688,4.79462217752768,-8.39502027023215,1.39646954575395,0.819861876126866
"415",415,4.32663109254556,3.17918820430475,-8.33978641542033,1.5837758338692,0.691307058264978
"416",416,4.06641421091325,1.35425153475999,-7.30606479438723,1.13656006608089,0.579646718701749
"417",417,4.17842832205934,2.70904224529751,-7.62092081091465,0.487947477353904,1.18314558606563
"418",418,4.65332813675599,4.73525793764951,-8.64446024610219,1.51598451177671,0.763001292659414
"419",419,4.22716321803684,2.34962682490591,-8.23423228388186,1.27860853844335,0.666548790921236
"420",420,4.13901203502563,3.2473257845889,-7.01481258051096,1.21832424612734,0.713992793466341
"421",421,3.72967260362368,0.463351224853475,-6.46577171499284,1.27757710828403,0.472558082883104
"422",422,3.98198317198429,2.562905564209,-6.49654495826342,1.24164732582709,0.862389450379537
"423",423,3.66757965281278,0.589438385709189,-4.93932824670223,0.978714873804296,0.571581073323467
"424",424,3.75807433412253,0.453700269953583,-5.02438675621425,1.29890792092036,0.637499798926762
"425",425,3.94581038541887,1.57265524235881,-6.41000635384198,1.13521764346125,0.851559241620144
"426",426,4.32027733540632,2.38512194560404,-8.56824738797865,1.19679699635867,0.652854315582766
"427",427,3.9733533397221,1.00983093884184,-7.18955173055454,0.957502030167797,0.6386051660164
"428",428,4.45271212896262,3.74296993335806,-8.57433323639373,1.31755541622295,0.473987328046821
"429",429,4.16051561546089,1.39543803318972,-8.759064297217,1.29846333074748,0.741558106477003
"430",430,4.47365355994982,4.29260637436116,-7.68847610463272,1.09042216473059,0.894872007579794
"431",431,3.83593993111165,2.33438980792738,-4.11625384082862,0.728262005528437,1.06939765761824
"432",432,3.97565698439896,2.63215734432597,-6.21304040363036,1.33485316058205,0.908065524874256
"433",433,4.622225240174,4.39187432936559,-8.83712330533315,1.47531266445014,0.739450002448195
"434",434,4.01309343603909,1.74392992845053,-7.14474305217096,0.828405095847685,0.683697598658261
"435",435,4.36331661753257,4.62825096494316,-6.55940468184224,1.29617886077797,0.711257045690671
"436",436,4.36510696104226,2.49633993171274,-8.89822101542214,1.14345329603234,0.646525727934922
"437",437,4.543803801363,4.30862477317305,-8.30087185149065,1.23491657607152,0.860613551827077
"438",438,4.36070457022328,4.41781286387154,-6.51576018760308,0.758921763311359,1.07980553935952
"439",439,4.58770058695771,4.54896623024628,-8.32722727480384,1.03713426758843,0.711429437676733
"440",440,3.80812753803503,1.19064972208168,-6.20352362161992,1.23710088975713,0.490144944307204
"441",441,4.16801012759629,3.09183961052498,-7.09767219905128,1.01814855867911,0.708446795663348
"442",442,4.3926057918998,4.0616815006744,-7.63785888678541,1.43324714961781,0.512624298694055
"443",443,4.24224799541527,2.95777099456513,-7.83065832158627,1.13470760066191,0.745581619782587
"444",444,4.69758286709701,4.82038838191201,-8.7177433250352,1.55523364397005,0.808316484838708
"445",445,4.55620787231105,4.96104614832523,-7.51191749694393,0.916575523210619,0.62041460750775
"446",446,4.41699114275079,4.41862467449721,-7.2202784005707,0.991913824206353,0.628146545284091
"447",447,4.70857415218633,4.56337969246561,-9.15465265992044,1.59385780125962,0.860058462203698
"448",448,4.53142339552366,4.61520709539861,-7.83674446139859,1.15679342974838,0.908094519770552
"449",449,4.37422019404205,4.58734728770904,-6.96528561109656,1.13124555751246,0.543215284329364
"450",450,4.53916117427987,3.27840004538838,-8.56257780955721,1.29358831983249,0.821155645101012
"451",451,4.4143900084948,3.71550680634818,-8.39117675355669,1.11072115503696,0.776974260921224
"452",452,4.31818461727899,4.38416247072185,-5.83381947988745,1.18899953478527,0.474808740962479
"453",453,4.46376890026549,3.87171343829768,-8.53716803460933,1.1667340998567,0.689571510156201
"454",454,4.38967928584383,4.19729687660794,-7.70220658947683,1.05315418181868,0.625769873819451
"455",455,4.6407382174241,4.61927531907639,-8.601823863542,1.55877404077795,0.820205540033492
"456",456,3.70498878150632,0.42045054008906,-6.47400037733902,1.14101481502151,0.67717263177285
"457",457,4.22263600700318,2.7331835579989,-7.89645218573539,0.873673262362459,0.529990899068232
"458",458,3.67651581378929,1.34705131488326,-4.76080532095356,1.65645228890039,0.71503973766453
"459",459,4.42474626808591,4.58958525936355,-7.52694660960665,1.2915693897047,0.390950698669734
"460",460,3.499062321336,0.398251397839716,-5.87971576000524,0.947769463860152,0.670415135424574
"461",461,4.51544371506266,4.36144356164442,-8.09985083653502,1.27797239240836,0.922924372679151
"462",462,4.62028586245838,4.85644877033107,-7.91573250569098,1.28772246304762,0.912962503177846
"463",463,4.3019080387288,2.65229894555634,-8.27748620365746,1.14832705965992,0.743472161778115
"464",464,4.30301597723163,3.19251977567332,-7.96660431520403,1.33998872171628,0.94130936226245
"465",465,4.35868165399867,3.63787660881222,-7.74747189716621,1.05697045012155,0.790617264778905
"466",466,4.3762992668306,4.41937094879792,-7.18846816841347,1.35719216990942,0.477103893896839
"467",467,4.02505075948909,2.80400723973722,-6.10135091273077,0.690887633031059,0.713859855800936
"468",468,4.30846641878156,3.01083620857396,-8.28569364415076,1.12333485630947,0.536870779172717
"469",469,4.52972587136661,3.834078699653,-8.90797362618321,1.50364400957663,0.732768381646741
"470",470,4.65440366866629,4.69443039397564,-8.62630511772172,1.55160914865942,0.807713974930767
"471",471,3.79657987133042,1.75681320100792,-5.91287195668596,1.45793920582121,0.308779327836382
"472",472,4.19796513697364,1.88396004846671,-8.06812188942973,1.1994291395928,0.63119800426243
"473",473,4.55286506458019,3.96578563619188,-8.76716853999778,1.123719222587,0.688381796327101
"474",474,4.04231910086655,3.11799326030588,-6.44999309276659,0.671985117421404,0.529723868335919
"475",475,4.28303459636103,2.97330810470697,-7.88691740678019,1.10323700460427,0.706160178490504
"476",476,4.22167358429047,2.26283616411155,-8.08236254941217,0.965828189265577,0.62371862176962
"477",477,4.3728681381536,2.9906259320156,-8.746148708386,1.33594406431206,0.560995332483366
"478",478,4.54071469688699,4.00510694260871,-8.5676077648467,1.42878505369351,0.888373594806544
"479",479,3.9190173789922,0.624116926777996,-6.72201818038007,0.958337922698787,0.533748067710279
"480",480,3.32429096240014,0.259426107574219,-3.42865769375187,1.13845368116025,0.733906816620466
"481",481,4.53920595751446,4.03992203807477,-8.75718698908874,1.349651341895,0.546246221235046
"482",482,4.61063562180848,4.70344742484473,-8.09185189278399,1.17264845186837,0.682931579600976
"483",483,4.23236544731915,2.63027743407752,-8.01470566936046,0.964866093536862,0.553559056529106
"484",484,3.78454359793362,0.703742443458461,-5.2004183258229,1.10100488147375,0.708599301012953
"485",485,3.69051539203213,0.496441000347196,-4.86817986372699,1.36708392981174,0.885141692001385
"486",486,4.46755419629298,3.68501203249968,-8.41920686917993,1.2837128315992,1.06129814624776
"487",487,4.29785839459549,2.9677756401092,-8.20297978054539,0.907802460645796,0.502516499447747
"488",488,4.30113217205725,3.85858423033817,-7.44378644485245,1.33075445386365,0.988783045934447
"489",489,4.66536706601599,4.09680637206499,-8.53283718490632,1.31110469405558,0.643933080031186
"490",490,4.29938763528402,2.51442545047044,-8.89073784723647,1.33831959948381,0.518603069936603
"491",491,4.32824029952969,3.85264940483131,-7.48522202984167,1.20150646336561,0.730039025899027
"492",492,4.50052860926711,4.09481688752017,-8.19771988567454,1.01232187585469,0.762462221149099
"493",493,4.57352915773116,3.90573565145419,-9.08383049236659,1.54944279359664,0.802743524407656
"494",494,4.06906068360111,2.10129437787518,-7.25893626881887,1.00659434811519,0.668083574841941
"495",495,4.463893445757,3.93673262538875,-8.3230480277061,1.10346124741806,0.89808917783589
"496",496,4.14637789252336,1.45993801964626,-7.73466778144482,0.94798839048162,0.672895812039674
"497",497,4.1117099805525,1.9873198265469,-7.74084075608119,1.30461006836228,0.864022707204923
"498",498,4.24726861736179,3.32152678603222,-7.42821312082751,1.13271086198494,0.852946889788917
"499",499,4.1833656096328,3.86724426583941,-6.83911363840345,1.34719906297653,0.385403223872954
"500",500,3.95486223456253,0.934188441298652,-7.09542981118901,1.69015246087489,0.898597515442337
"501",501,4.68507019584801,4.61271909004429,-8.98160853410807,1.5016586124463,0.792965499675031
"502",502,3.66893156106177,1.00148161549716,-4.2391338792698,1.41006548367287,0.651424658268594
"503",503,4.4352207647475,4.75977354669976,-7.00710224256595,0.929630985913165,0.696978473141505
"504",504,4.02818561731871,0.821777306890297,-7.74910326532289,1.00818273181235,0.522973564820137
"505",505,4.39930682962588,4.27355405554788,-7.36831435017842,1.20602153166318,0.955348952223282
"506",506,4.31021513838278,2.82648388646657,-7.9656343008376,1.14297127294523,0.72325312625714
"507",507,3.7706199537319,2.55068008039367,-4.91257429671527,1.44629726813572,0.551154435740437
"508",508,3.82827051946205,1.91866813297652,-2.43289719581007,1.15736979244795,1.23587280321633
"509",509,4.31147293646144,2.62889343465429,-8.45529803411483,1.22977602824836,0.612450978086226
"510",510,4.21819981943389,3.57661935366477,-6.68840131793371,1.4633834125414,0.97734242521207
"511",511,4.59037238761189,4.26080092550124,-8.8936136914282,1.45598514709175,0.710359629328238
"512",512,4.70780992952915,4.79118710951353,-8.87943155787154,1.49340945980142,0.774730550932133
"513",513,4.41515106788185,4.16153148312404,-7.96636977658369,1.14760803426239,0.66531798930522
"514",514,4.22021304000567,2.83469650688577,-7.82025398343925,1.417741145755,1.08249881904263
"515",515,4.31763037108656,2.36630384227907,-8.79343648881743,1.34337265602165,0.545616201860381
"516",516,3.93414968592291,0.239372712890051,-7.99920609384505,1.02275991307897,0.415210430585603
"517",517,4.12896936115238,2.30341247353891,-7.80103209572579,1.72998514739204,0.855633003075365
"518",518,4.2177137521702,1.75925359501125,-8.62635341014809,1.16340615473134,0.60373853468315
"519",519,4.65005548290879,4.89257921751155,-8.22785055600569,1.32602051484327,0.785919586426593
"520",520,4.62701512814954,4.75002831225208,-8.59143788709745,1.07866814530217,0.27072474603433
"521",521,4.36031428062385,3.74930323782706,-7.94484383326472,1.05201208354774,0.806426405486868
"522",522,3.30556656743299,0.330799302703952,-1.33538786751024,1.132327933641,1.01455596194825
"523",523,4.33304125274953,2.84998517480772,-8.46040709545597,1.1483247001173,0.737145669380385
"524",524,4.54340242222989,5.02918515036262,-7.27796180414964,1.19940169257896,0.780987736525411
"525",525,3.84225103867775,1.34233004585656,-5.80817626688505,1.28013355979782,0.808553853096438
"526",526,3.93902404244574,2.3612688729138,-6.36580302568164,1.33821187383133,1.04491344584802
"527",527,4.25732764727304,3.34015228048582,-7.52748145233504,1.361612763093,1.09833127946273
"528",528,4.37959828083242,3.83957264463443,-7.80135227287236,1.32180694691709,1.00032414860601
"529",529,4.11388164169029,3.72251176321883,-6.1710282885411,1.28014028304778,0.464023350911279
"530",530,4.63329252244384,4.63317787822593,-8.50372596520922,1.20545921725843,0.713404733744386
"531",531,4.62201553830732,4.4625857196461,-8.67210734840983,1.22051680768141,0.794398661060879
"532",532,4.41081522070498,2.8081380085276,-8.85110305031876,1.24247579225001,0.70291900421392
"533",533,4.50251885303218,3.85695313940478,-8.66035089794655,1.28592859688283,0.825309772754288
"534",534,4.32849806790049,3.02106923013464,-8.0733357726218,1.13894213892455,0.724444867591373
"535",535,4.38795589924131,3.635244773232,-8.45511175525162,1.34001144017889,0.523069762126254
"536",536,3.83086820742937,2.14917757081975,-4.44682066352532,1.23827304170723,0.888804712056786
"537",537,3.60332352172632,0.608452454761135,-3.07355046617957,1.21778925429264,0.779551207531459
"538",538,4.05752102567287,3.31206297263744,-5.79980435666881,1.14724557328008,0.783862643016957
"539",539,4.53722912832782,3.95071400503554,-8.7668782839757,1.20184493608425,0.73636432953706
"540",540,4.15330295105977,2.98380611052915,-7.17115667055949,1.50065955083934,1.02806836673254
"541",541,4.69136448877211,4.68935510141916,-8.90932786040896,1.55284456811095,0.823214545590988
"542",542,4.45074261537968,3.92882740281277,-8.26246961021055,1.28482888673282,0.687900566648953
"543",543,4.24939021979039,2.67855109116309,-8.01859935650287,1.15372581415954,0.708534345822118
"544",544,4.16727575926431,1.59983087091005,-7.95369869368424,1.15389260355978,0.534656945130647
"545",545,4.00265342384012,0.915354948370841,-6.80960426724513,1.07336153517617,0.709464757996169
"546",546,4.15819259334356,2.23211206658703,-7.72413698470341,0.997266929142159,0.703510415045862
"547",547,4.29971890180924,4.4133684172048,-6.0711170346708,1.19967012081859,0.925253655871097
"548",548,4.40363288834541,3.416823830123,-8.59397669990361,1.39984058227594,0.611020159991131
"549",549,4.16190480370536,3.05741188737454,-7.26657851516839,1.08550321874333,0.742342737311396
"550",550,4.35756969021097,3.73209343349946,-7.83206996535813,1.30626690328165,0.821791100283403
"551",551,4.22019776606429,2.31723677751967,-7.74106396197253,1.16923692267929,0.711430561266245
"552",552,4.34508707885918,3.22921802256572,-8.42870382601584,1.39622223175657,0.596818121317126
"553",553,3.95422454986954,0.793818949124035,-7.25440951937749,1.52246765427975,0.417339989252992
"554",554,4.20183898183214,2.10035770658032,-7.99343468063351,1.02809437123167,0.652545412334751
"555",555,4.01776144889282,2.71229501574777,-6.34891756988013,0.984844090747374,0.687175968209738
"556",556,4.32950072529471,2.99647739939448,-8.54456614421854,1.42104864948136,0.654687666080612
"557",557,4.15278708511505,1.96567009522925,-7.90012419983622,1.14680115111942,0.634268942636703
"558",558,4.03403939748428,2.55512409037689,-6.72046432379433,1.1768163207961,0.483778897356508
"559",559,4.69097281695665,4.78442104097234,-8.78345171092248,1.52318257028083,0.799848416087417
"560",560,4.45905611047469,4.34102119078451,-7.73711209966426,1.2266925558325,0.740425672658395
"561",561,3.95816246728103,2.04437414353108,-6.48525472221015,1.19400759166492,0.868727822343424
"562",562,4.34254079649135,3.95622070652871,-7.15837120847661,1.36596534864435,0.853427019338701
"563",563,4.04763363401795,2.47969174779867,-6.94444268374627,1.18471761167234,0.835528696114445
"564",564,4.27061926023239,2.07761342982078,-8.61037095648087,1.37836377964923,0.513225448816831
"565",565,4.31153502110078,2.63368959111224,-8.3830516443092,1.16087804326602,0.651400587417237
"566",566,4.09999220284491,1.56181118794111,-7.84258045392664,1.20044324228741,0.765221288587716
"567",567,4.58469760096902,4.1196698553267,-8.95509901167414,1.49152892409186,0.704055441702176
"568",568,4.28653796674445,1.99022672669577,-8.68953432518951,1.2665974392127,0.604412465723704
"569",569,4.50696196768366,3.78363789172882,-8.79736908375282,1.36309561372471,0.536043393088066
"570",570,4.32570905606524,2.98140840338515,-8.19609031780133,1.1026779005253,0.693785127175976
"571",571,4.43190824451888,3.27523503664721,-8.73009407814015,1.32022463981934,0.771420481580784
"572",572,4.51560598968246,4.1707429318756,-8.34934644768941,1.37907589158318,0.687584084769008
"573",573,4.22295366605634,3.20714007930452,-6.98390771176901,1.38635285891731,1.01250992295469
"574",574,3.88888248856469,0.750475319760262,-6.88848455763536,0.892717244320142,0.42858828315837
"575",575,4.63680209858469,5.0923187751391,-7.83576725511867,1.27023420849692,0.718356067269661
"576",576,4.11799091498688,1.71465069336869,-7.4215055448046,0.868946957699284,0.634558927262759
"577",577,3.95457275523819,1.50831000824145,-6.76407428756151,1.18456961361248,0.667995367194222
"578",578,4.35497086904254,4.38383850065246,-6.93587042484241,1.23267603394419,0.6156385570191
"579",579,4.63698601539566,4.5679622785586,-8.78236336262263,1.49306649558659,0.713843466596634
"580",580,4.21060685760815,2.48148549166212,-8.04069131474544,1.45537196546445,0.560024888657379
"581",581,4.19347989962553,2.90344471205872,-7.40240812598106,1.1813972526249,0.746658183990855
"582",582,4.3680077301065,3.30047371199692,-8.18473844214849,1.10152397529337,0.534699550156424
"583",583,4.73930329879456,4.85385688792861,-9.01515687181869,1.42858677830694,0.720789721030799
"584",584,4.32428660664097,3.69194645962939,-7.64240454863444,0.909414392708452,0.7679393751688
"585",585,4.05615718295393,1.68470731850216,-1.34616312549178,0.771747878269182,1.04679650875322
"586",586,4.56671436658212,4.09969811096161,-8.90942456748319,1.39562004400468,0.657552431499892
"587",587,4.68421601539953,4.58186418905602,-9.03525300956472,1.57360332791826,0.854218815679307
"588",588,4.30669291771545,5.17944723150114,-1.22001864829999,1.65744979474464,0.991057811737237
"589",589,4.40499046073784,2.93317051288048,-8.78863376482171,1.22804286902299,0.721735851092059
"590",590,4.13798680326417,3.09204989351837,-7.23287261318298,1.30605113634413,1.11719397157977
"591",591,3.91648019145181,1.1717131602808,-6.48523770112462,1.22029885465769,0.654326326972084
"592",592,4.27668217472925,4.34344278736647,-6.30743466995345,1.31744795947725,0.710207917275898
"593",593,4.25992144783479,2.9431358355874,-7.91301767240651,1.27631349192085,0.744664225340356
"594",594,4.33329281935301,2.27890157023648,-8.8763709938755,1.1095220887188,0.57228957147837
"595",595,4.2620722652546,3.53746657611291,-7.38530188628193,1.19936875300048,0.794365421956702
"596",596,4.6878210328909,4.943764256004,-8.71426264486793,1.11513679412516,0.35876739936736
"597",597,4.15421923027711,3.22293710516653,-6.92049159583549,1.08879339760303,0.732455044817041
"598",598,4.43601972205101,3.83550931448515,-8.25724103941744,1.23079860007809,0.830334231961352
"599",599,3.9926207083291,1.67297800508893,-6.80364175175069,1.32120517382701,0.862379511000404
"600",600,4.53065924321244,3.78612536443452,-8.93733847021327,1.36792087958122,0.549050288201699
"601",601,4.03938110893892,2.06914265572403,-6.98188129931499,1.1512711828447,0.867604761901138
"602",602,4.66660328189807,4.70884666747442,-8.63513430464342,1.52631238171295,0.766379330740551
"603",603,4.68985259857812,4.23214412197885,-8.54580366636194,1.60347061850898,0.888538593741854
"604",604,3.59053855972191,1.04108644283731,-2.60448105174901,0.764386213625623,1.11344556441099
"605",605,4.50349731187891,4.37004102996584,-7.85152880922647,1.43715263895845,0.864163138190301
"606",606,4.56326041250121,4.0849104969286,-8.87457654181866,1.46794328327479,0.690871235432695
"607",607,3.45337232202184,0.614568100331213,-1.61136657690248,0.916320041679563,0.856861121052619
"608",608,4.15464341821461,3.56690528748903,-7.3264949988595,1.40490063173167,0.374046546644517
"609",609,3.697841977268,0.480890803879543,-4.75372174575514,1.37636418316391,0.829939795179264
"610",610,4.42920202273989,2.96752928061431,-8.7743415141081,1.21148018065809,0.600694163548366
"611",611,4.33542292605218,3.23005312065346,-7.93892562804364,1.11961149505021,0.857366060254433
"612",612,3.44823917330944,0.614108028137491,-1.00742816376242,1.10981763134945,0.634486521443657
"613",613,3.82033093449761,0.77009597123479,-6.10178319902207,1.27093139158785,0.74255872020982
"614",614,4.58755977780286,4.67652293292186,-8.44970424490622,1.23698351596346,0.456475910804925
"615",615,4.05386265652081,3.04848489552246,-6.25348038919587,1.29180673601576,0.844669749921806
